title,date,source,content,link
Incentives and barriers to private finance for forest and landscape restoration - Nature.com,2023-05-08 07:00:00,Nature.com,Incentives and barriers to private finance for forest and landscape restorationnbspnbspNature.com,https://news.google.com/rss/articles/CBMiX0FVX3lxTFBld0RlZFhYcTVKa0J3TTN6LWl5elhHSzk0TFFyd0UwWkNFZkpCWUJIOVBjcFJsOVNldkRhZldpSHh3aDk3cW5rdl9mR0pFUko0T1ZubEV5dks2TGxvWGtr?oc=5
Scott Bomar | Senior Vice President – Finance - corporate.homedepot.com,2023-05-10 04:36:42,corporate.homedepot.com,Scott Bomar Senior Vice President Financenbspnbspcorporate.homedepot.com,https://news.google.com/rss/articles/CBMihgFBVV95cUxQejRlTWhkUHFIQU90WENBUW4xZzlKNkFfbXRlZkNwTXljV3VrakdCVUh4UkJaZHhYUmdBRHF5RFFaNFU5ZnNTY3VTbzRqcGhRUmlZcWRxc3NSYXN4X0lkT2FFbEJKcXhKUGpFc3p5Q3VqZUppQTBIcndHd0pxOXBxWlRKYlNLdw?oc=5
How ‘Productizing’ Innovative Finance Hurts Development (SSIR) - Stanford Social Innovation Review,2023-05-09 07:00:00,Stanford Social Innovation Review,How Productizing Innovative Finance Hurts Development SSIRnbspnbspStanford Social Innovation Review,https://news.google.com/rss/articles/CBMijgFBVV95cUxOZHA2OXlrekZDNW5TOHh0YldyeFZSSjVCMjVuVUp0TXNqa1B1WnJwdUVuRnVfOWdGRmZ6cTAzOThOVGQzMVdsU0diR196eTQ4N25MMG1DRlhNX040cmRWYlhmTzN3YnFRWlJ2RlRYYnZ0bXE1czlHajNBZkk4OXF3SnprWWZaZDE5N2FTZ3FR?oc=5
Success at the intersection of technology and finance - MIT News,2023-05-10 07:00:00,MIT News,Success at the intersection of technology and financenbspnbspMIT News,https://news.google.com/rss/articles/CBMif0FVX3lxTE5xMk9GekZPWFJ2ZFk2Q09KV0o3TmFEX2loY2xWZ3B0T3FrbERNQWFQZVlXMXhWNDFVM2EtSkN2ZVVnYkJOY056X0JTZ3F0OWNQWE1NLTE2MDhtUkJOZ3hGYzI5TGtQQ0RWUVhPcVF1YmVzV1hvVTNqa2trVGptTHM?oc=5
Finance and actuarial - Mercer.com,2023-05-09 19:12:50,Mercer.com,Finance and actuarialnbspnbspMercer.com,https://news.google.com/rss/articles/CBMiuAFBVV95cUxNOHNneFdXSE9HMUxtbUVoWjh1RURMVXQ4TDRrM2t6TXk0WEdrUWNVZDYwSmYyRm05UzBDUUt5d1p5V0FmUzd1aDlBZE10dnJNajlnZ3BZV3JYb3RjaW05Zi00ZThLZkN0SmxHNE9HTjdrVWdMWnl5UWViQVpGRkNUblFqRXpWR2Nmc29MOW5Qa09DQngzT2hVMjFHcWJwQWdLZUJkc1dOdjlXS0MtbGxvRU9STi1yZlpS?oc=5
Convergence and CPI launch USD 12 million Catalytic Climate Finance Facility to accelerate the implementation of climate finance solutions - Climate Policy Initiative,2023-05-09 07:00:00,Climate Policy Initiative,Convergence and CPI launch USD 12 million Catalytic Climate Finance Facility to accelerate the implementation of climate finance solutionsnbspnbspClimate Policy Initiative,https://news.google.com/rss/articles/CBMigAFBVV95cUxNSndoUC1GSjVqa1hXX3BRaUZ3S1dmMU4yQmtVUmRJYkkyMEszRkwweDV4MWpxTlJLa3JJclNMQVRleWtzTVp0NEpzRGdfRVFxbGV6VWlYOEllYVBDN1ZNNEk4UVdyMklLU1Vtb1ZPcklOM0t5aHlHcjZWMG9Dc1laYQ?oc=5
"More than half of Americans say money negatively impacts their mental health, up sharply from a year ago - Bankrate.com",2023-05-08 07:00:00,Bankrate.com,"More than half of Americans say money negatively impacts their mental health, up sharply from a year agonbspnbspBankrate.com",https://news.google.com/rss/articles/CBMid0FVX3lxTFBHRXZYNldCVlhyLXlnOGNhYXlFOUZwajFBMUp5ZzVralM1eDVtR2lQa1RuYUZYTjNaOHVCLWYySkpicWpvaU4xUUNlcWhMWjQ4bTAxaUZjeE9vcVhpa0FVOGV6eUVrSjlZMEtxWUtlRmVZbUZvd180?oc=5
A Roadmap to Unlock New Climate Finance in LAC - Inter-American Dialogue,2023-05-11 07:00:00,Inter-American Dialogue,A Roadmap to Unlock New Climate Finance in LACnbspnbspInterAmerican Dialogue,https://news.google.com/rss/articles/CBMijAFBVV95cUxOSkpHQm1hOUkwVm9tbTVMSWREY1NHVVZRendzUHRtXzVLYl9lLTVxdDNWMmVwUDUyQVJCakk1azR6R2Uyek5QQjVNcS1ZR1J0ZHNHdjVhOWd6R01nVmV1UjZPR3Rwd1R1MGpNZV9HVUJPZ3A3cHpRa1k2T0pYaWtlVm9GelZZdlJZd05Cbg?oc=5
Finance and Insurance - CDK Global,2023-05-08 07:24:13,CDK Global,Finance and InsurancenbspnbspCDK Global,https://news.google.com/rss/articles/CBMiTkFVX3lxTFA2X1RNQXZ6UkRKNWZ0REZKdFlma2xwUkxSbk42MXg1aXV2Q2dhWjZNM3J0dEVDRnV0Q0YwdWxZbWVXR0Y4Zzc5ZVhwYkFiQQ?oc=5
FBI finance team working on first software bot - FedScoop,2023-05-09 07:00:00,FedScoop,FBI finance team working on first software botnbspnbspFedScoop,https://news.google.com/rss/articles/CBMieEFVX3lxTE9uSC00TzFLZWZ5Yi1sOHRhUGlqck1xWWhNajF6dkV3aVBSbElwaGJjd3hKYWkweklzY0JIcWpMcWhtVjdyVEYxNzdFRDFMZUt0SWpxRUQ5ZGVlNXhBcWRKYXN4dm1SZmtwbnJLYVNQNlJpbFR4VmZxRQ?oc=5
"Class of 2023: In finance, Mami Awol found the right fit - VCU News",2023-05-09 07:00:00,VCU News,"Class of 2023 In finance, Mami Awol found the right fitnbspnbspVCU News",https://news.google.com/rss/articles/CBMilgFBVV95cUxNem1SLWJPTzM2aHNKZ3lhLXVRRmpnNnRUa1RrT2JOQ0pFcFNZS1h4Zl9TQkMyV3JraWhUQU1Oa0RNXzZKd09najc3RlVVbVpCU2pEUVRCZ1pBVGNLRkVEWGRmSDJzdUtmNDlZNHFzbDRpM1NWT3dhSWEzZWpITndxOWVpR25DTDl0b0libmxOV0JrTkNnSmc?oc=5
Brand Finance finds the Monarchy will deliver a £958 million economic benefit to the UK this year - Brand Finance,2023-05-06 07:00:00,Brand Finance,Brand Finance finds the Monarchy will deliver a 958 million economic benefit to the UK this yearnbspnbspBrand Finance,https://news.google.com/rss/articles/CBMiuAFBVV95cUxOV2l5Wk1PZzZzUzl5WkVDZE1wR1cza0E1S0Y0cDRWSkpvdnFhZXZyUmNQZmg1MGZ3Q2hkZ0RZejNCRXIzOVN0d25QRHJIRk1DSXpDNkUtdlBNWDJnTE43UG5QMnd4d3E5V0x5MFNESEhESjhQVWVlOTRFYk5NZXpEZDdObDdyTUFfNW1rTFJLY29JLUt6WjJTODRIdDBDQ2hYRXhjN1pCM1JqVTFLVXAySkZMVVE5UEdJ?oc=5
Green Finance Facility - North Macedonia - EBRD,2023-05-09 07:00:00,EBRD,Green Finance Facility North MacedonianbspnbspEBRD,https://news.google.com/rss/articles/CBMiaEFVX3lxTE1UTk5GNlBSTzVjTjNVYW1UOVRwZkMzTE9Zd0JXck9WOVUySjc4OWJxdHc2aVQwbEtlYnEtWFo3OUdYMDBsRWpnSC1yLU1WSTJ1RWsxekRYakpNQkJUVHRadkUyZTMzNjJs?oc=5
Maine considers requiring personal finance education for high school students - NewsCenterMaine.com WCSH-WLBZ,2023-05-10 07:00:00,NewsCenterMaine.com WCSH-WLBZ,Maine considers requiring personal finance education for high school studentsnbspnbspNewsCenterMaine.com WCSHWLBZ,https://news.google.com/rss/articles/CBMijwJBVV95cUxOczZUd0NSUEVTclk5dENNV05ZN1FreW1oZE5oOWZQWHhiVDNHMWxDV04wOVQ5YzFFMklEZGpHMDNSRE1FUjFadXZtT1R3Z1ZlOEFROFNlSzBVNzNoLVRfNWR5aXJkV09KYkNrbURTY24tczhOcHVnanR6T1RuOTVkMUE3aEhCRE1uZ2NPMUk4WktUWGVCQWJnbnoyUzZzdHJDNzdYck16RVZCanhHMEZOT2ZQX0RESkRIaVY3dGo1Ykd2VGpoVGJBNVVEc1dnbDVZZjlkeW9OM0JXNEtOaVZROENkMWx6QWN0bWxBdXduQVotTFFrSE5TcGF0NU5abnZ6MGtqcmxGbld6aDVfSGcw?oc=5
IF-CAP Recap: The Asian Development Bank’s Big Climate Finance Bet - Center for Global Development,2023-05-11 07:00:00,Center for Global Development,IFCAP Recap The Asian Development Banks Big Climate Finance BetnbspnbspCenter for Global Development,https://news.google.com/rss/articles/CBMikAFBVV95cUxPbnl0d0RtRklaLXctX2szSkJIazcyMk9INFQ1UnZuN0ZFdHNxbXpiQnU1aHRZTXNEb3puZE92Yk1XZW5kNDVTTUJvOXM0dFg5M3RlZDZ6aXVCZ3Nack14aVZTVUVRbUxQTUhUUC1iYW9CTHpBWVM0UHZBNlNzTzZyT1VpZ1lOcFMzWU05Z1FJVmo?oc=5
CHANEL CFO: ‘The finance department is central to making the ESG agenda happen’ - IMD Business School,2023-05-09 07:00:00,IMD Business School,CHANEL CFO The finance department is central to making the ESG agenda happennbspnbspIMD Business School,https://news.google.com/rss/articles/CBMisAFBVV95cUxOeHZZSWFRWXE4WFBYS2FNVFpnSDEzS2xUZ2I0dFVGWnBIVVhoSWVkSS1TTDhWNTFlakpRWF8zejBod0pDbTZISGU3Q0hFX1lsRDRnLTFkTjE0NjNlUUMta1lDY0hxVHZ5ZFRoZVNYc0p0MkNNd21VSVRpSnl4UVppM2dpX0dieXgweGxtODVORFQzOS1NWlBzVzROSTBtc2VuY0hWREhILW5Md2RiMWJQVQ?oc=5
BNP Paribas: will no longer finance development of new oil and gas fields - Reuters,2023-05-11 07:00:00,Reuters,BNP Paribas will no longer finance development of new oil and gas fieldsnbspnbspReuters,https://news.google.com/rss/articles/CBMi2AFBVV95cUxQcl9OYWdyRTNpUVd4VG11dGltd01ZWEcyN3hjeEl4UzZnYVdZZGNsd0FsRWVxZXYwRjRDS3JZbzBsY2Q5ODRkTnlIemhtWjUtaDE2OHhXVDhzVGE0RFdVemhtUklMUTJsejF6VEVjcElaUV8xMmlhTG8tQlNYSkdNbm42YlVhTU5CSmROS05BMFhDWnZ3dUNKU216Y1VuaXNtYlBoR3ZsSUUzYXhZMDN0bUw1OEZCZ3BCenZCMkwwYmVkLTBtYzQ0MDZfZWt3d0tsUHRpZ2tvb1c?oc=5
What is insider trading? Two finance experts explain why it matters to everyone - The Conversation,2023-05-08 07:00:00,The Conversation,What is insider trading Two finance experts explain why it matters to everyonenbspnbspThe Conversation,https://news.google.com/rss/articles/CBMiswFBVV95cUxQM2F0MWtZQkdWNWhqRUpfT2pxN3EtRDVmaVMyZUFHNGg1RXgxV1YxTGVJZkJhV1k1WUpfc243ckIxMzZFWmtMWjRMSjdlVWl6NGU4M2JyWnRaS1JUdXJqLU14aTlDOWZvbFJWM3VYM1JUczdMZmhRblFOOVVxMDZMUUhCM3lmUnNnYjdZRkdNd25GVDBNZDVnNlRUTzNFTFZ0NG5jUUVtY3RqR3k1cTl2dklEYw?oc=5
Governor Ron DeSantis Signs First-in-the-Nation Legislation to Protect Against Government Surveillance of Personal Finances - Florida Governor Ron DeSantis,2023-05-12 07:00:00,Florida Governor Ron DeSantis,Governor Ron DeSantis Signs FirstintheNation Legislation to Protect Against Government Surveillance of Personal FinancesnbspnbspFlorida Governor Ron DeSantis,https://news.google.com/rss/articles/CBMi7gFBVV95cUxQR04ydXRPS1RlbVVFZVBqU2pZQnVwVjNfbTJyZFE2Mlh6RWVXUjdacmN5S0VEVmdRVzhJVFdwVlVmOEFQMHpBTVJHUkVGeDMxblU0UXAxQzlBSGR6QWZqdndKM0NpUmE0MzFMdkFPX2ZhNWV1Nm9fWTJXcFhTX0owTDQ3NHY0WDhuLTJNLTRuUktoOE11Y3dIbjhyRDh2ajhJenBxRG1UbWFZTW1WMlczdTVlZkwwdHpocFFPLTZ0WVQyMk9hTVJ4Wk9lZ0JrNk5VVjY0dTZvQ3NUUktZNmt5Xzh0QzlQUjNzUkdVUUNn?oc=5
Ecuador Completes World’s Largest Debt-for-Nature Conversion with IDB and DFC Support - MariaDB News,2023-05-09 07:00:00,MariaDB News,Ecuador Completes Worlds Largest DebtforNature Conversion with IDB and DFC SupportnbspnbspMariaDB News,https://news.google.com/rss/articles/CBMipwFBVV95cUxPT3Y3NGpEVjhiNDV1NkJBLWJaZlJEMXNPZ29YWk5hQlpkNlVaOEVxcmxhSlFWYnJjLUd6SVhacnJJRmI1cXN6QkZYc0VwM2p4VklWc3AwVXdLMDRmeENuelB0dDRFQllveFFCY19xV0JqbmQ1eHJ2blpWMGhRY3lmNTdRMjMxZU55VTEzdENPanl5STZKZFc0ei1rSGotM0lnMFhTcnk2aw?oc=5
The Future of Energy Transition and Climate Finance - INSEAD Knowledge,2023-05-09 07:00:00,INSEAD Knowledge,The Future of Energy Transition and Climate FinancenbspnbspINSEAD Knowledge,https://news.google.com/rss/articles/CBMilgFBVV95cUxNeGZ0TFBqWGd6WTJCQlVhY0ZISWRpNmFNUjdJNmVEODM3emlSQjhYSklINnd2OXg4eUVUWTEwZ3VVOTNRa2VxQmc0OG9FZ2ZLQjZoM1NkMHhJbjdvZkhkaExVYzRpVUprWXp6dno3NVdPMnBhRzJyYlo1WThHaWtBUlRFYWxlNHZjZ1VGVjNMX1pGOFBxamc?oc=5
Benefits of Embedded Finance for Merchants - FinTech Magazine,2023-05-07 07:00:00,FinTech Magazine,Benefits of Embedded Finance for MerchantsnbspnbspFinTech Magazine,https://news.google.com/rss/articles/CBMikAFBVV95cUxOTlcyZHlrVHp4ZHB1bllvbVhlYkhJbTlRODVjOW1qWE5GaUMtd2VJNUh3d0tGTFVsa0tTcEVEaUY0TTBFcUNuSlgxX3BkT2NpZVUyZEtFMGtERnRWaW1GV1RKajVPQ0ktZG5OM1JsQUIxNjd1U0F3SnpHSHNlZ2FiWmhmZURsMGFwbHI1NjdrY1c?oc=5
"Bain, Abu Dhabi Buy Stake in CI Financial’s US Wealth Unit - Bloomberg",2023-05-11 07:00:00,Bloomberg,"Bain, Abu Dhabi Buy Stake in CI Financials US Wealth UnitnbspnbspBloomberg",https://news.google.com/rss/articles/CBMisAFBVV95cUxPTHpIbExIaXVBVThZMk4yRkNOWkd5Qy1ZTkdXWV80LTRvUDRmWmt4dkFHTVpRbHJHbGtCZDJNWENQUy1IYUNhZ1NQMVc3SHpmeEMxY2JHWTV1LThtczJrVFYxc0hVRFZZZU94ZUlJcjZveWhremxvSVVtdTN0c3pqOVV0MXdzcmNwOTBuQXN5d1R5OTFWVlNwTjlMQ0JtWnZXc0JYTTlOMmxjT3lia2x0Yg?oc=5
A More Inclusive Form of Startup Finance: Chatting with Professor Schwartz about his new book 'Investment Crowdfunding' - colorado.edu,2023-05-09 07:00:00,colorado.edu,A More Inclusive Form of Startup Finance Chatting with Professor Schwartz about his new book Investment Crowdfundingnbspnbspcolorado.edu,https://news.google.com/rss/articles/CBMivwFBVV95cUxPUHZjN1VEblZZS1VVV2RkWFNqU0gtQTRiR2g2dS1YbkFnREpXakloNHNCMGVUbWcySkM2ZnBPRXFpOEI5WHlMUXlFN0xPZXZlU3ZNTmV3M3JFYWM4ZU9jZUtWcUNoSUxUVWhaQ3ZJdzZsNWdlSHdDSTNScmVkVkFaYTdhVW92S3N0QUlvaFN6d2ZmQlhqQU1EbWxCTTRMbjlfdEFpa3lkTk1HNjcybmZ2Nk1neTlmNVpDQTJGUzc1Yw?oc=5
Facilitating International Adaptation Finance Flows from Private Sources - MariaDB News,2023-05-12 03:27:02,MariaDB News,Facilitating International Adaptation Finance Flows from Private SourcesnbspnbspMariaDB News,https://news.google.com/rss/articles/CBMiqAFBVV95cUxQYW9yZkk1TjlSRF9mZVRkZFhiOG4zMVhldVVnemxkREJVR0J2WjFEaVgtR0E0ZFl1MzFNcFBtaTAyMFF0NFQ1dFMtQU9kQlZXTGpqdzBSbE5OZE11Q2N4aTJhRm5IdGRlVDZMYzRaS2F3X3BtNEdXaldYMURKOUFpZ0dpbzZhNW9xVm1uUHdZSEFxLU5mQ1lNQ1lFR1pJU0E0b011SS15T0Q?oc=5
AI and space technology boost smallholders’ access to finance - Financial Times,2023-05-10 07:00:00,Financial Times,AI and space technology boost smallholders access to financenbspnbspFinancial Times,https://news.google.com/rss/articles/CBMicEFVX3lxTE50ZUg3OEplSk9yLU50akRZM29rWmk2eEZrWFF5MXQ4cC1famRuV2pDeTRrNlpSa3RzUVVZQzBJbk54Y29NWUZPeWs1YVVGZlcyc3kwWGFLbmQ3d2F1b3ZVSWhjWGh0cGV3UlV6blVUZ2k?oc=5
Focusing On Development: Q&A With Bank Of America - Global Finance,2023-05-08 07:00:00,Global Finance,Focusing On Development QampA With Bank Of AmericanbspnbspGlobal Finance,https://news.google.com/rss/articles/CBMifkFVX3lxTE1HOU41Z3ZHdlltUDFIRzl6emJ0T0ZYOVN3Rm02VVpic1htY2V6b2dPQVEzR0xBT24yY2tES2J2VTZTWTdrVDR3dlBxbGtYQWhmU2VtN0Q0ZWJQcU9xblhIbnV6ZEtUalNfYTE2OXYzRzdOcUVNTzRPNmVqamJHdw?oc=5
Women and Men Differ on Financial Fronts - U.S News & World Report Money,2023-05-11 07:00:00,U.S News & World Report Money,Women and Men Differ on Financial FrontsnbspnbspU.S News World Report Money,https://news.google.com/rss/articles/CBMiwAFBVV95cUxOUlRYUVllZnl1Q3h2R0huQTFnWFRmUUJhSXZ1cGk3aUF3WkF6UWZBV1pDaTNnN3Z5U0hpckZhbjJoVHlhbG1jbklPNUphdmVsN0ZvdFZYQ2JxUk44OGc0UXpvT25ESFZVTDh1c0ZkOG5MVTBEQ3VGNl9CVk9UTkVPVU14M3Y4eXFPODV5S3VtenRpZXlnRzkzOGRvTFhoWU5yR3NPVmVGVkpHSTgzaFdTdTdfSjhoOWhrSERWMmZwdlQ?oc=5
Senate Passes Gebhard Bill Improving Personal Financial Literacy - Pennsylvania Senate Republicans,2023-05-09 07:00:00,Pennsylvania Senate Republicans,Senate Passes Gebhard Bill Improving Personal Financial LiteracynbspnbspPennsylvania Senate Republicans,https://news.google.com/rss/articles/CBMinwFBVV95cUxOczdYY2g3OHNGc3pHbnpjYTNKbmtWT0RWWG1uYUdwdVFLOHI4WUFPZU1mTUs1MnY0Uk1kN2lNNXRmYVJRREtUQ2I4TmU0ZXFjM3lOZ2JEbVZVNUhadElpSzB4SldiM1VkNGhjM0VGWnF4ekRCU2E4S25FR19ZYlVTLTRiWUlLV3ZKNEU2VGJvTVcwR1FwcGJ5Yk51MVRuRmM?oc=5
World’s Best Banks 2023—North America - Global Finance,2023-05-08 07:00:00,Global Finance,Worlds Best Banks 2023North AmericanbspnbspGlobal Finance,https://news.google.com/rss/articles/CBMicEFVX3lxTE5WdF9US2hTUU03MFJjOF92MzUxYUluaWVra0FoOFBaemJuQ2VTTTJRX3hRZUxxLWpmS1JkT240WTZjX0ttNVVyNG45Sy1GM2d6aFpEa3lpN2FINVZ0LTkyUkl1UlNJRW82SnBXd01HaWE?oc=5
‘Finfluencers’: The most popular influencers in finance - International Accounting Bulletin,2023-05-11 07:00:00,International Accounting Bulletin,Finfluencers The most popular influencers in financenbspnbspInternational Accounting Bulletin,https://news.google.com/rss/articles/CBMiqgFBVV95cUxOSU12WDEtMV9GbUVnOHZMVVNiVzZaX2V4WjRzSngxOUtVdG1iTmhKZzVOSnlRbktCV2lMajVRazA5cTlRSVNJcUtGNFFmRDh3RmtUTF9taW90RTh3cnNuVGtZXzZTMWZPa0UxQ3ZNSWNyV0l3UzNaRmZsWXlfdnlrdjQ0T3VHMHVsLXlzUFJ1d1ZfRlRnVFkxNEFaYWd0RnRVbElMbUVlU1lWQQ?oc=5
Early Lessons from the Recent Banking Turmoil - International Monetary Fund,2023-05-09 07:00:00,International Monetary Fund,Early Lessons from the Recent Banking TurmoilnbspnbspInternational Monetary Fund,https://news.google.com/rss/articles/CBMiyAFBVV95cUxPRzRBUGVYNjlDTV9TaXNuSnhZS0cxYnc2TEE4RmZyVFdqdUNsTUt2X3V3MnFDeTV0Ui1mYzJYM2VQRFRrY1JPejQ4ZUVocW1JOC1zYjJ1eXBHa2ExdnZZbE9FMkNVSTZ1UWFBWGZHUFdyaVBfRGhKTGVCblBySlNNV3VlQWdHQWo4S2F5RldmNGx3VFdjOWZFWmR0VG11NTBNbVNRVTRPLUx1bXFhM2N4WE8tc2hmXzZBbVBQR0hGaG5BTzl4ajFGcQ?oc=5
Oil and gas expansion: BNP Paribas spares its major clients - Reclaim Finance,2023-05-11 07:00:00,Reclaim Finance,Oil and gas expansion BNP Paribas spares its major clientsnbspnbspReclaim Finance,https://news.google.com/rss/articles/CBMiqAFBVV95cUxQOFJ4TDRnM1lqVU1hSUJ5dG4zb2U2X1VvSTFVVVl5cTZTdWlUQi1uZXZycmk3SjBhRmtOOUV4ZlotVzVabHZzanJXbHdjaWRIeFVFN3FUUmdhSDlOdUxfdk5LdW01X1dhV0VBcEVrclRaRHBJQlpJWHhPU1JuQXdUZnZoUzdkUUZ5Q0N2V0NvOXlpMkJDMTFUUm9XeXdQdV9ib1RzdDVsdS0?oc=5
Closing the critical nature investment gap - PwC,2023-05-09 07:00:00,PwC,Closing the critical nature investment gapnbspnbspPwC,https://news.google.com/rss/articles/CBMioAFBVV95cUxNTURRZ3ExOW52X3AxQ1hzeFVfNmVVSHdMQzZQallDcndVdFFHbzd1a3oySGpRRlNfaUFnS1ljTlR6cVFLaHdxaDhIQjBHbzZ5Q0RWZXlEaGI5TTVUX1BsV2tiNzA2dWlXTlN2RjdCSjMybW5BMXd2Y0RFalc1Y2Y2YWtZRHdZUUNyXzJxNlZTVjFzUHFONkE3V1dZX0Q1TG1P?oc=5
Another State May Make Personal Finance Classes a High School Requirement - Kiplinger's Personal Finance,2023-05-12 07:00:00,Kiplinger's Personal Finance,Another State May Make Personal Finance Classes a High School RequirementnbspnbspKiplingers Personal Finance,https://news.google.com/rss/articles/CBMilgFBVV95cUxOUjExMzFyeVRiT3JMTjFYZnQ0MkZjbnpJdnp5TE5nU19ZbHpBSVhjXzBxdG5tMHVjTFZsWGZ0VE9vbW1QUGttaHc1UE9RQ1BpbUZ2NnJvQnkxSnQyOU9Nc2FabkFOWWJCb1B2ejA5ZFZmbFkydE9ERFBjSDNSS2FTUlNiRHFmMXdZcGRUdFNWQlFISEJDV3c?oc=5
UNE hires industry veteran Jim Irwin as Sr. Vice President of Finance and Administration - University of New England,2023-05-11 07:00:00,University of New England,UNE hires industry veteran Jim Irwin as Sr. Vice President of Finance and AdministrationnbspnbspUniversity of New England,https://news.google.com/rss/articles/CBMisAFBVV95cUxOeHpHSnVYZThzcWZqbGMtS3hFS2hRSjNwODN2X1lHdVBRQ19YamM0WHZ5Z1JWS0FOTzB4S3gwLTRfZ1hySkt0b19qRm8xZno5c0l3aERDdlRvYXdlWGpzVFQ2UXdreEQ5M090SnEzRzhKcUpsYU9EZTJGT1YwbjBmQ3RJU3N6aENOTWtYdWhHMDQ5bTkyd1pVUHZiVFlFNkJ2NUhSTmMxUHJxYlF3aVJrVQ?oc=5
TMC's FY2023 Financial Results Press Briefing - global.toyota,2023-05-10 07:00:00,global.toyota,TMCs FY2023 Financial Results Press Briefingnbspnbspglobal.toyota,https://news.google.com/rss/articles/CBMiaEFVX3lxTE1KRDd6T2pvR3d0Q0x6NHJrMlR0dVZVbzFPa19Od2xOQ1dGc3FoWG1xSGxLdHZLVk13QXNmbEUtYjZvS1VaaTZxekdQY2JYaXA1bElQMkl3aDhGYmg3cVM3ZE15eENRcUJt?oc=5
J.P. Morgan Payments’ Georgakopoulos: Internet of Things and Embedded Finance Forge New Commerce Ecosystems - PYMNTS.com,2023-05-10 07:00:00,PYMNTS.com,J.P. Morgan Payments Georgakopoulos Internet of Things and Embedded Finance Forge New Commerce EcosystemsnbspnbspPYMNTS.com,https://news.google.com/rss/articles/CBMi5AFBVV95cUxOV0lubE0yOEZTbzIyX0xiSGk3cHR5VjQwOGhheXhRSXdjU29sRUp4amxuQklRR1Y0NXV3Q0YtQU5QN0pKQnAxNFpvZzZHeXlmRV9yNDdSQWtkbHZyRFNxSG1sS2JxdUVDeTZoa2dkN1VXa0VKU05kSnExOVNsSl9JbzNBdGY3RnpiN0pNaGp1Ul8wSnhOd0lSdlhaTFBYZ3JvMWNCd0FkMUpFcEIwWGVCeTNQUXY2am5OV0dkdmtQQzJtZTNRMnJoSWdseU1LRVI4THRnRmZ5SmV3akNLVXYyNXFXeUY?oc=5
Condé Nast Names Nick Hotchkin as Chief Financial Officer - Condé Nast,2023-05-12 07:00:00,Condé Nast,Condé Nast Names Nick Hotchkin as Chief Financial OfficernbspnbspCondé Nast,https://news.google.com/rss/articles/CBMikgFBVV95cUxOeVhnUkpkSE9HRDVMNzNlRmh3a0x2em03cTNMN3NGS1VPczlvTUpLa1FGMnpoVnNTWWNPeFN6aFA5YWJQU2dhOHJET09GYi1YbTJfT241UkdJNTRtRkZqTDVPWG5UdkVFWHFneEJvQ2dvMGFMd1A4Z1FxYU8xcFdxSGdvRzgwRGFpb2pyeFBVS21PUQ?oc=5
Black Professionals in Private Equity & Finance – Dealmaker Spotlight: Philip Reeves - McGuireWoods,2023-05-10 07:00:00,McGuireWoods,Black Professionals in Private Equity Finance Dealmaker Spotlight Philip ReevesnbspnbspMcGuireWoods,https://news.google.com/rss/articles/CBMinwFBVV95cUxPMzhZOTh5RTJwem1oSzZHdkxOSXVhTnc3bEswY1VJbHJGV0lIdGFJaG5UeHJXOHREeHY3azlZYVg0NE1HekxVaUYxbjdPUDhJQlU5WFI5X09SN3oza1pzLWhPUkpycXJCREpka25HVWJRX2hBRHNmYUZBZEREUDI5Y3VGb0FDRjBiRG5lRklORFd0NkdzWlluVzNmeXpDOTA?oc=5
"IFI reform, Bridgetown & climate finance: Critical civil society perspectives - Bretton Woods Observer",2023-05-12 07:00:00,Bretton Woods Observer,"IFI reform, Bridgetown climate finance Critical civil society perspectivesnbspnbspBretton Woods Observer",https://news.google.com/rss/articles/CBMiugFBVV95cUxPTHhwQzdqZm5VNFJSdWY2SkxHSnVTQWd2aGZRc0ItSXMwY3JlZ3o5cjJyYjdhaGp0djVHbk83Tl82U2lFZ0pGUzE2akxWaGg4SkdsSTZTalMwVUpOeEZ0dDNDLU1wWnF2Ym9oRFU3Um5ZOTdMX0pHMmtYOVprNEZ1cnNTLVBfbGdtMnFVVWhPUWtpOTRSb3JKUmgzb3ZKNWgwMjR5NWptb2VMZUFlT21DckNWNGdWT3hQRmc?oc=5
Machine Learning for Quantitative Finance: Use Cases and Challenges - Financial IT,2023-05-12 07:00:00,Financial IT,Machine Learning for Quantitative Finance Use Cases and ChallengesnbspnbspFinancial IT,https://news.google.com/rss/articles/CBMitgFBVV95cUxNc056Nmo2RGZ6Vk5jWEIzM0pIUnpWY3NZV2RkMmtXeXAxVmdCcVd0UHh2YThWMWNIUlRCWlVZMUJ4S2IwNEkyM3lCSTIwUFBELTVoYkwtdVlFa3lnUWpkS20zNzVTVWNwWDNUNzB1d08zMmlzWjItMG1zdnotRHhCT282WGMwQnhJbG5RcG9OSFNOYkw1UnJQNVVHaENwUEQ2bko5OGZIUDFXenY3MVFUdFZzdEIxZw?oc=5
Financing Loss and Damage at Scale: Toward a Mosaic Approach - International Peace Institute,2023-05-10 07:00:00,International Peace Institute,Financing Loss and Damage at Scale Toward a Mosaic ApproachnbspnbspInternational Peace Institute,https://news.google.com/rss/articles/CBMilAFBVV95cUxNUkNoc01zWWlCcWJSa2VmSG5VWW5Wc3c2SWEzVC1mV0NMWnVKQTNfSjJCRnhraUVOVG9OYllRRXA0YVkydUR4NlEzNXJQelB0Uy1LV29zdm12QTBVNmM3c3hBdHlTWTRXVTc4ejhBTVZmd2p3UExleWEwYzlxUm81ZHF2VncxSF9uYTBzcGpCdkNBUHdF?oc=5
Kate Tiedemann School of Business and Finance announces 2023 Dean's Advisory Board Leadership Award recipients - University of South Florida,2023-05-08 07:00:00,University of South Florida,Kate Tiedemann School of Business and Finance announces 2023 Deans Advisory Board Leadership Award recipientsnbspnbspUniversity of South Florida,https://news.google.com/rss/articles/CBMihgFBVV95cUxPbnFYLXA5eE1TS2U1SEVwRHpmcTYzUUd3YXcwR20yand6YXFYUENNdHI2cTIzUDBYOWQzaDh1MTNXR25zMXVzN2FObVFrUFhESjQ2MFNXaWpRWTZYSHlmWlY0Sk9sWVFUWDR4eDVjTC1ZSnN4Z2RSWnV0OGF1SnRLMEZKNF9Pdw?oc=5
LDC Agricultural Finance and Standards Promotion - EBRD,2023-05-11 07:00:00,EBRD,LDC Agricultural Finance and Standards PromotionnbspnbspEBRD,https://news.google.com/rss/articles/CBMiaEFVX3lxTE4xM2lDRmw0aE5hZ0RHQWZQamV4bFF5TmNVMk1BZzNWYUFxSDc2aTVqcnd1Z3VWSDZyaGJJa0QtbGY2bnYzdDh2b29pYWdrdVFid1V2NXhLYVpPa1BGTjc0cTFvN3VucUp3?oc=5
APTA Names Christiana Cameron as Chief Financial Officer - American Public Transportation Association,2023-05-08 07:00:00,American Public Transportation Association,APTA Names Christiana Cameron as Chief Financial OfficernbspnbspAmerican Public Transportation Association,https://news.google.com/rss/articles/CBMivAFBVV95cUxQSlAwc1A1RGdHQzZacVpmTGdVS0MwaWR0c1I5SjJpWlkxaWdZOWZiaUVwdVhpR2xtNjZmY0RCRmhselZ6ZzFnSmNma1BWem1xUWR0VG4tRWxmVmFrRXgxR09WR2ZuQTUxR2t5RlJmNVQ2MDBXZHRza0VTR2o1SnNrc0xHcVVYamNnM0c4OVR0ZWljSEVCM2F3d0dyaVQwQUVKWkFnelBEeS1HZlhmODBHY0JUWUNrN3NTRFJXVw?oc=5
Affording the Fight – Finances Frequent Foe for Firefighters - USDA.gov,2023-05-11 07:00:00,USDA.gov,Affording the Fight Finances Frequent Foe for FirefightersnbspnbspUSDA.gov,https://news.google.com/rss/articles/CBMimAFBVV95cUxOS3JDVXN4d21qcFA2RDZVSUZWZERUdGpWdEdNTmRGZjl1R1FyZGFpc3ppT213emphODloTUFyX21oV3FEOTZWbmt4LS1HMUI5VWdwLWlPTlFPQVFrb1I5SGh5RTFnXzMyRFJwNGEwdDZURkF4X24weWdfSjFseTUyX2xLOTNTX3Vrc1UyYWRMbTRhUlZFY1VDdg?oc=5
New Research Finds Royal Warrants Drive British Brands - Brand Finance,2023-05-06 07:00:00,Brand Finance,New Research Finds Royal Warrants Drive British BrandsnbspnbspBrand Finance,https://news.google.com/rss/articles/CBMimgFBVV95cUxOOFBSdTNyMkd3b0UyYlREamI2eEdoQVFleFpZVk1TQ0lTdnlIWmhnbVpqLUExVWFLWG84bUJDYnA4Y0VQdWs0cnJFVC1jUWpuOUpXQTZIRHQyMFl3d3BsbFMwaGlhN284RE1DcndqbzcxdXNYdEItZFluWk9MdDFrWjRsbEE1SG9QbmpxQy1HS3JDSUVRNVJRWVdn?oc=5
Aviation attorney Scott McCreary elected to board of directors for the National Aircraft Finance Association - McAfee & Taft,2023-05-11 07:00:00,McAfee & Taft,Aviation attorney Scott McCreary elected to board of directors for the National Aircraft Finance AssociationnbspnbspMcAfee Taft,https://news.google.com/rss/articles/CBMi0gFBVV95cUxNbFZJTHByNEFMb0V0dGozWXlFSzNlOTg2XzFCTnFGbXdxSGU1SmhheUs0QzJrRk1XNEZKRXVzUkFwUXlQeGR2Q2xENFlBT0NXaDVFak9KSlUybE1vVzVQY1ctblgzaDRiS2xGa05oeVVJVUlvY3l4UDlWLURjVXJpMU9aXzJnOUtFNm9wdkZRNW51S0JBZDJRQ3RtMFBOWTFTMHNxUTFKLVk5cS0wNFlrZnk1Qm8yMUl0LWZaQ0YwSWs2REtDNG1yQThNWnJReVk1eVE?oc=5
"To Protect Galápagos Islands, Ecuador Turns to Innovative Financing - The Pew Charitable Trusts",2023-05-09 07:00:00,The Pew Charitable Trusts,"To Protect Galápagos Islands, Ecuador Turns to Innovative FinancingnbspnbspThe Pew Charitable Trusts",https://news.google.com/rss/articles/CBMi0wFBVV95cUxNT3Y1UXZkTFZ2MTRHTnhSQmQwYnBqZmtVUlN2Y09pM3hZaENueWhZMC1JclhobHg0dGk4bFI0SVJOeXV5LVl3YWlLOTVQYVlUWVVNUm9VZ1E2TkhhUlpnYTF2b2xmRWdHdlIzYjhBWjRUVUVXX2MwWG1hcWh1SVh1dldJQWlkT3VYUWdYUGVHZ0ZkN096aXlDU1FDZEFFTFZuN0lycDI1VWZLcVVKOXN5SmhyalhXR2ZjLVJ2RGV1RzdQUHN0Ymg1bEV0aThVZEprZ0w4?oc=5
Ananya Shukla - World Bank,2023-05-11 07:00:00,World Bank,Ananya ShuklanbspnbspWorld Bank,https://news.google.com/rss/articles/CBMiYEFVX3lxTE1NREdVRTNCajBUNzFyLWF5QWZJYlk4OUt3MTUycVZkNEQ4T1ZKb3luZVBqU1lFc09ibmNXMVI0emJMb3ZJdHdEUDduLWRMdFNzWXFMVzlyTHA1T3RMVWdpUQ?oc=5
Change in COVID-19 Policies - Bates News,2023-05-09 07:00:00,Bates News,Change in COVID19 PoliciesnbspnbspBates News,https://news.google.com/rss/articles/CBMijAFBVV95cUxPWmN4ay1xS3psakdWbE9EbXM5MDRUVTdhMHpLN2xDdTloVmdwZnI2X2RuX1hLd3hXeG1KQkNSZE1kZ01IeU9pRURScTlLS0FkTllMMmJuNUlzRHhOekpMSUFDUmZjdHFBNnFyOVJDQXZiVFU4eGRWSmRxTVE0RWNpU0xZaW9NZUZkU1dTaw?oc=5
How financial services can turn to tech-first solutions to support sustainability - Insights by Samsung,2023-05-11 07:00:00,Insights by Samsung,How financial services can turn to techfirst solutions to support sustainabilitynbspnbspInsights by Samsung,https://news.google.com/rss/articles/CBMivwFBVV95cUxNODM3ZmNrYkVId2J5WVZvb0JpRzg0UFFYdDZNdWt4NG5nNjcyLWZqU2hsaTRpLTI0U0ZsT1ZKYXNCSmFRV28yWm1QcnNYQlBSRVBia2pHZXdhTHFUaDlWdFhwM1JaQWdkZGpmb2gyd1dpS1ZQUHpWYWxDMjZIVHd2bmJxMnp5c0hpOVV3UTFzWU5IUlZDWDZiYUhVVFpJUHlBcm5DN0hsSDRrcnJKZ3lwdHg4b1dQRkdTZHF4YkxRMA?oc=5
Assessment of the post-Paris agreement era: International public climate finance in countries with low governance scores - Stockholm Environment Institute,2023-05-08 07:00:00,Stockholm Environment Institute,Assessment of the postParis agreement era International public climate finance in countries with low governance scoresnbspnbspStockholm Environment Institute,https://news.google.com/rss/articles/CBMiggFBVV95cUxPWXFPNk5pRUZlMkF5cTB5Xy1oMllSUENiZEpidElXd3RHeHdoRWZnVXVGUl9STFhmX2dWV1ZLSVJKeUZDZ1pOdEp0djduRXE3ek0xN2hvTmpRSll4bldteXhhNFoyNWtpekMwLUZrdU95U1h1SGlTN2lSd3dseXAxcGtn?oc=5
Can't Buy a House Yet? Focus on These Financial Issues - U.S News & World Report Money,2023-05-08 07:00:00,U.S News & World Report Money,Cant Buy a House Yet Focus on These Financial IssuesnbspnbspU.S News World Report Money,https://news.google.com/rss/articles/CBMi0wFBVV95cUxNWWI5WXZET0pIODdnTmNUQW1wTnFuYmF0b1B2UnNoZWh6eklTRmd1dnBtMjBWY0t2TWMwcm53Yk51TkZ5RGtESUdGczVmZ1J6LXRHUy1DazJJV3VzUUJsV0JLd1FwcERSUktYYWVTeEVzTnNNaDRYTEZOa2ZpOThZX2NrSC0wR0FrUGVwbTQ1Rmx1bDNkWkdPMVM2WExkcUo2OGpJZTJWRU9SWmlxaUdpSFFEcmMyMExBYlREdWJVaFEya05GVnFNTTVRS3VhcmJzaURZ?oc=5
G7 finance chiefs debate reducing supply chain reliance on China - Reuters,2023-05-12 07:00:00,Reuters,G7 finance chiefs debate reducing supply chain reliance on ChinanbspnbspReuters,https://news.google.com/rss/articles/CBMisAFBVV95cUxPYlhkS051OWtkRmhZQm9tRmxTeHZ5bHduNUE2WDVCRHVOVTRIRzhoOHotSnFNRjdlN2VkbzBQRUFsYy1oVm00cjZPamlGOHpWYU9lbldMb1NIcEdGWnRqVkpfeFFWZWNhUDhNMTkxYmh4b2xqSGN5VEhzbHgzNkFmSXo2b2t0ZlZ6QzNSOFVUblNhc1oyS3RFaU84MFVldDVLOEs0Z0g0dWhDTWRCN0h5Mg?oc=5
National credit rating agencies recognize Oklahoma State University’s strong financial standing - Oklahoma State University,2023-05-09 07:00:00,Oklahoma State University,National credit rating agencies recognize Oklahoma State Universitys strong financial standingnbspnbspOklahoma State University,https://news.google.com/rss/articles/CBMiywFBVV95cUxPNkt0VWR3d0w4cEgtcm1VZWJaRl8xNWo4VEV6TmQyU0o2TDF4TDU3Ty1WcFY4c2VmMVNYTG0tUUdDMlJZOTM5bllxSW9kM0xqdUhVNGItbEQwS1Z2Sk12ZDItSnE4MlNMYVNCcHZwR3Q0N0JSRi12LWVudy1GdWs3WHlEd2ctRGN0OGRMa0IzT3BBRG1KMVN2d1d3NTdlZ1ZSMmJYV0tpVDl6Vkg5T19pOXhzQXN2amRBckVXQlloMEVKZXVjM29XaWgtRQ?oc=5
Revolutionizing intraday financing with a blockchain-based solution - JP Morgan,2023-05-05 19:06:56,JP Morgan,Revolutionizing intraday financing with a blockchainbased solutionnbspnbspJP Morgan,https://news.google.com/rss/articles/CBMia0FVX3lxTE5WMDdBMU83b2txZGdVdFRmdFJQaUV5ZWZXRDZtMGJkSEZjTDhBMjZZZ2NncktUNlUxcnRnNVRNR19BWXp6YmU4YUdpSkhIdzdRcUwwZHVnR2lNektDdW9GbTZiUmNvaktXY2xV?oc=5
Paydora Finance Unveils White-Label Banking Platform - Finovate,2023-05-08 07:00:00,Finovate,Paydora Finance Unveils WhiteLabel Banking PlatformnbspnbspFinovate,https://news.google.com/rss/articles/CBMif0FVX3lxTE9mWHhGLTFBQ3lhYzdtTGhxX3FDMjRTRkQ0cHljSTVqZzdyWTFBLUo5WWpURy1wcXcxaWtFZnczVE91Y2xJZlAtRkJIUzZwcjF2QlEtcFFEUzBjZS12XzFiNHVGQXRVSWtyYnZhWUhkOVJ5Wmw0bXFLRUlGeDRLTVU?oc=5
Climate regulation and financial risk: The challenge of policy uncertainty - CEPR,2023-05-10 07:00:00,CEPR,Climate regulation and financial risk The challenge of policy uncertaintynbspnbspCEPR,https://news.google.com/rss/articles/CBMingFBVV95cUxOUjVLQmVzdUI0RTZiTUpfbVhsbjNjSFlaVXJqUy11NEVIVzJJOENfTUtSN0g0cXRSNlR5VXZXWXhJMUl1b3picXlVTWFuWENpcmh3TTFvT0hyWUNfVlIwVzJXN3phT0dRTnppUUNDS1p4dnVGZmx6dHM2RXJNOW1yTWwyVWI1ejRVTGVzYVBDS3FyNWpzcm56elZsbmJIdw?oc=5
Intangible Value and the City of London - Brand Finance,2023-05-12 07:00:00,Brand Finance,Intangible Value and the City of LondonnbspnbspBrand Finance,https://news.google.com/rss/articles/CBMicEFVX3lxTE91NnRtbUQxMHdpWWZMRktxTE8tT0FUbTlGN2tXTjJXQjFrLXBGZW9OSkw3dXY3c3BDNmpjVlRmZUNEblZtWXdVT1NwTFlhSEd4XzNDLUxuMV81UFdBY3E4V1Bpd3gwWGU3ZkhKY2dTdEU?oc=5
Top 14 Up-and-Coming Finance Influencers You Should Know - Influencer Marketing Hub,2023-05-08 07:00:00,Influencer Marketing Hub,Top 14 UpandComing Finance Influencers You Should KnownbspnbspInfluencer Marketing Hub,https://news.google.com/rss/articles/CBMiZkFVX3lxTE5odzE0N3VZcUtPd1FpYWdjSzRscTNzSE1lMXBaXzZvVUtxWVB5V2ItcVRHRExYSmw4UHRtODRQV0tBMGktTnJ1VWlETFBtdWN3eHZjaGQ3aGpUeHB2d2ZRZDZ1WHNZZw?oc=5
"In Conversation with Dr. Adaeze Udensi, Titan Trust Bank - Global Finance",2023-05-09 07:00:00,Global Finance,"In Conversation with Dr. Adaeze Udensi, Titan Trust BanknbspnbspGlobal Finance",https://news.google.com/rss/articles/CBMingFBVV95cUxPbjkyZFNGaGpWOUFXTXVLbWRvcWlmbFFvRnBJUTJaemUzQmMwSTNYeXhnN0RqcThoSUdRT1lGTExsWk9nVGpyeFVhQVZkdXBDMFZyYlpISXo3OTZoOGh6T19vMDA5cG1Gc0k4ODAyei1vRGRtZEh2X1FKb3lETC1MdXBfS2xjQktiSnQ0c3Y0VXFuUEgyckxUdzNJRW5jUQ?oc=5
Are There Too Many Ways to Clear and Settle Secured Financing Transactions? - Liberty Street Economics -,2023-05-08 07:00:00,Liberty Street Economics -,Are There Too Many Ways to Clear and Settle Secured Financing TransactionsnbspnbspLiberty Street Economics,https://news.google.com/rss/articles/CBMiyAFBVV95cUxPb0xmT0RrdmpQZEpZZGNvVk1pa04zRnVUcFlrc3hZdkdsY2RRRTlVVVB0T0NQU0pac293Y0gtdEJqQmN4YTJMTFYyMzlQS3J4dkFHS1k2eW5ONXlGM2R5c3UyZVNyLWFvdVNvOTRSYmFuQm9pMHZCSmNUOF9fZXcxYTFaUkpTNzl6aXRjd0syTnVKMFBBalpFV1M0Z2prZDRqU3JaMVM3eXhXeTlWOEdmTEVWWjdnNDM3ODI5Q2hOX1RzRTlmcWI3TQ?oc=5
Johan Lopez: Creating Positive Change Through Sustainable Financing - Columbia University,2023-05-10 07:00:00,Columbia University,Johan Lopez Creating Positive Change Through Sustainable FinancingnbspnbspColumbia University,https://news.google.com/rss/articles/CBMisgFBVV95cUxQYjU1TE9UZUlzemJkTG8wR2FMc0J4aThOQ24tY2t6Vng2N0lzWUI3Um9ZRXFzNDVmd1hnU05WejVKcWt3UXMxNjN6ZmVCYnF3NHE0ejVrV21iaDQzYXlUNmhOeTR4Vlk2RkpuTDlLSnBfdGZQa1ZDTVc4SDVld1hfb2dWY214WHp4VS1zdGlCV0x5S05iamRQYmRvOU9pa1BXc3VpNkpaOE1tWVd2SEFHNmFn?oc=5
Warren Buffett: 'Apple is not 35% of Berkshire's portfolio' - Yahoo Finance,2023-05-06 07:00:00,Yahoo Finance,Warren Buffett Apple is not 35 of Berkshires portfolionbspnbspYahoo Finance,https://news.google.com/rss/articles/CBMiogFBVV95cUxQNk9uOTQtYU5QZHZRWTBsUEE1c3lHQjFVZTZCVk5sUWcxSjNXZGtMZnM4TU4yd3Qwa3Z2dGFqT0NRTWxJd1hwdWRTTy1ucnJsbWE2V3F4S3diWHRPNW1CS1FyQllZY1E4LUtELTNFTVk3Rl9xdXlyRnhxWGZnMjBOM2t3ZGF5YmJPN1RNTjh6OFczR05Zd1YzNDBYNGQ2cVFDUFE?oc=5
What Is the Dodd-Frank Act? - Council on Foreign Relations,2023-05-08 07:00:00,Council on Foreign Relations,What Is the DoddFrank ActnbspnbspCouncil on Foreign Relations,https://news.google.com/rss/articles/CBMiYkFVX3lxTE5rOElWUmtJSWJ1Y05oMXRJTVRWV2hoRGJkZXJ4UjRfTmN1Q3FQWkdZM05pLThqYnRSMElnNzdQN0NrZWlCN0Y4WUFVVGxfTEJlanFZa0h2amlDNllyMVlZclBn?oc=5
"MEET OUR GRADUATES: Lackman Prepares to Wrestle Finance Reports, Not Opponents - ric.edu",2023-05-12 07:00:00,ric.edu,"MEET OUR GRADUATES Lackman Prepares to Wrestle Finance Reports, Not Opponentsnbspnbspric.edu",https://news.google.com/rss/articles/CBMirwFBVV95cUxPRWJ2dkRPbklJVEd0XzM3a1FzVUdtWHR5ZnBuTGFSVTU1ZE56SmpVbUZ4d1QyYmZJdU02SnlqNFoxbHd2V1NKdzEwaUZORTBrM1hpVmVzOWg5T0gxOXhSQ3h4bG8yMVpMR3JfVERIZGRQVHlTSG1PX01mOU40SmVZbV9GUHpiSnlaeWk2dFBwZC1hYjlTaklHT2YxRUM0U0dvWk45QkFpZU8wRTd5dmdJ?oc=5
Rapid Finance Partners With Mambu To Provide Lending-as-a-Service To Lenders Nationwide - Business Wire,2023-05-10 07:00:00,Business Wire,Rapid Finance Partners With Mambu To Provide LendingasaService To Lenders NationwidenbspnbspBusiness Wire,https://news.google.com/rss/articles/CBMi3AFBVV95cUxOaVhnbXFmVHRlOVlFdG90NU10cTgxWEt3YlJMZ2RCV25vQU4zTkN4dUF4WXBDcm9hWnpQbmpwbnBEUk42VjJLcGFaSmtCLWdRaE53ZU5Icm5rbGVuMVVnNFpDX2pCQVNmRlVTYWZBMXhuc3dVSTZQZFkzOF95RnAzVHhORVBCblItS1RvVVlWRzNURkZNTldWWWs3dlRQOVZ4QV83Vm1JOVhPQ1NJek8yZl85b1BvRDdDVll5NnB6MG10OVhxaWZIRW1JMmFFazB4dk00ejJwQTdpQnB4?oc=5
3 Richest Personal Finance YouTubers You’ve Probably Never Heard Of - Yahoo Finance,2023-05-10 07:00:00,Yahoo Finance,3 Richest Personal Finance YouTubers Youve Probably Never Heard OfnbspnbspYahoo Finance,https://news.google.com/rss/articles/CBMiigFBVV95cUxNa3AtVXdtMGJWS0hBclNOQm1EdUJaNWpmZUpNREtrV3hMOWp5b3pqTlR5TFU3bGdDY1ZzUXBLdmo5ZkFHQ1d1dGVCcDZiX2pxX0FpbVNYdHg1ai0zc0NsNlVhVGFfOXhFQWFJUEIxSm9TTzdIRlRjdjlLamNrOXFZSlk4eDlWSWV6cXc?oc=5
BNP Paribas to stop funding new gas projects as litigation risk mounts - Financial Times,2023-05-11 07:00:00,Financial Times,BNP Paribas to stop funding new gas projects as litigation risk mountsnbspnbspFinancial Times,https://news.google.com/rss/articles/CBMicEFVX3lxTFA5V3lPMlhwbFRlLTdiQXBiNkdvWWU0UHJBREt4dHVlaVdVOU5NTG9rSllYeEFVcmJaV18yekNIOGhaeVFBZWw4UnRxVklCRHRvT2xiZnlxOXhCUWZLVHJtd1NRRF9YSldzN2ZhTUctWXU?oc=5
Quarterly Earnings 2023 - The Home Depot,2023-05-10 19:53:58,The Home Depot,Quarterly Earnings 2023nbspnbspThe Home Depot,https://news.google.com/rss/articles/CBMidEFVX3lxTE0xR2Izd1pDU1VZLWVpRUxrdm0xODc5LTNhR0dxNmtObDZ1NjBDcXZHVHBJMmt1b2lLOVJ0YUpIUHFnZUxQUmZvaXREOHNpM1hrY19BaWd3RzF2OEx2elY0Z0dZNzBNcEtiVUhqNDZMX3RvakRM?oc=5
TechnoVision 2023: Financial Services - Capgemini,2023-05-11 05:50:34,Capgemini,TechnoVision 2023 Financial ServicesnbspnbspCapgemini,https://news.google.com/rss/articles/CBMikwFBVV95cUxPSG1GV3RyR203MnYydE8wck5CdUY3ck9ONzNveHlfUVZDOGVTRU5fd0lPZFMtelZUZUZabWJvQVRKdVVtVG5IVUxnRnhZM2VONVJMRnVuemFYN3h1Z0pTQ2NydUFXRGhvaUQ1NVQ5R2Y2TTRkcGFYZURnaVZRalNZMFo2N2Q1cGxhb2I2QUJTYmlpMjg?oc=5
Africa Needs $700 Billion of Finance for Green Energy and Metals - Bloomberg,2023-05-10 07:00:00,Bloomberg,Africa Needs 700 Billion of Finance for Green Energy and MetalsnbspnbspBloomberg,https://news.google.com/rss/articles/CBMitAFBVV95cUxPd1NMbGlGUndHWW00bHlfZ1JFRkZrajJHcjVOS1g2cmJTQU1hRjVWODJNR3lEaGpib2lDNVdoc05ndm1fUWpmdnpTOURXUWgxcmd0V0Q2MEJJZGJ2T1FwYWxpVUJ2RG9CS2lqVjEybmhFdUgzMUJlTm9YYWN6ZUY1VW9OdUhEajBHYWVQeVRJVXpYQUZiX1N3WVpoVFZnZEVKWnpjaXA4bW1qSjF5RmxDVkk2WDU?oc=5
PGT Innovations announces exclusive consumer financing relationship with Service Finance - Business Wire,2023-05-10 07:00:00,Business Wire,PGT Innovations announces exclusive consumer financing relationship with Service FinancenbspnbspBusiness Wire,https://news.google.com/rss/articles/CBMi3gFBVV95cUxQUVZJano0WU8weTFPUDk2SXNBRkoweGgyZmxtdjVHNFJmNXlyOVNUcUZ3bXd0UWNCcGZ6clpaVGdnTGE2TkJYY1ExMjlaZmFvZGdOYmUwM3JVMDRsRlMxTXJJNXEweWgwc3g1ZVM2UVpiOEFEcENUWEFQZ2pILWFqZjMwbVZTNDdPYzVkYVhpcUloZ2p1azg4N2hrQkJ3WkRyVkpoU0N2MWhPMHdYSFcxc0RxdGtLM1RMUGttRUlXb1BGUnJvU3Q4bUpoLUpyNzVoM3FLMU8tNWhLUG1uUkE?oc=5
Where the euros are: the European Conservation Finance Boot Camp - eurosite.org,2023-05-09 07:00:00,eurosite.org,Where the euros are the European Conservation Finance Boot Campnbspnbspeurosite.org,https://news.google.com/rss/articles/CBMikwFBVV95cUxPMUNWY2dDWUJjS0FsQlpkM1VRdjFpLUtyckx2N0phZElkQVZZcFN3VGZPVFpoaWFYQ3diem5aNnhlT0Z2TkFudXhBNGlHdzE3SlZzXzNRdy1vNnUyQ2wzazBOZWNLUEFQMDBYenVLMEtGN2Z5ZU1aYmdjVDZUOEFiQ2pfdGJ4S0puWFU0YXZRZS1QdjA?oc=5
BCCI projected to earn US$ 230 million per year in ICC's new finance model - ESPNcricinfo,2023-05-10 07:00:00,ESPNcricinfo,BCCI projected to earn US 230 million per year in ICCs new finance modelnbspnbspESPNcricinfo,https://news.google.com/rss/articles/CBMitwFBVV95cUxONHlpZlllcm9NelJMUEp1VElVbVd4VE9Na2xxU25SdGQtN3c5SVd5dHZ6X2JtbWxmVlBpTTBGRzBwMmgzVzJDUWhLOFY2WE5mVHdEN2Rrc01oUFlmTURSVkxNNFZHMThQcWJQalJOT2hfTl9CX1dWVlBtcnNtTnVBUnUwZFQ0MTFjdER4NnViMXBBOVFranltRVExdzlBampHQTloWE5hUElJdFJrUFF6ZkJieWQ3Q0XSAcgBQVVfeXFMTmtMREl1MWF6b3l2Qy12VjNNdkdkTG52VTFjaWQ2MWEydjdfVHc4VjdRX09HNnhNaVBhcmFESXlDb1J1SGo5dGstTElHRE43R0VOT2wyTzFlb01iWjU4bnRWYnpldmxGa183dzdNZVJuSWljQ3B5akVXallDOExTU1RjZkM4VHdWZHhnM3JXaUJWSWxjeEp1MjZWWkVKcmgtTkJiQ2lpZ2dIOW1JdW1DX3lONjJOLS1OMXNLMGZERHM4d21GU0ZHZzQ?oc=5
Sustainable Investment Forum Europe 2023 - UNEP Finance Initiative,2023-05-09 07:00:00,UNEP Finance Initiative,Sustainable Investment Forum Europe 2023nbspnbspUNEP Finance Initiative,https://news.google.com/rss/articles/CBMijwFBVV95cUxOcHJRYjZhdU10N3BHckJrVXZEa0dNald2UDYxTWFYMUhhUHJkcHNHb1F4WDUyZkp5bVJ5eUZwRmtSejRUbTdkOW1JVDJrSjF6T2szNUJPcUdsWkFMYlFocEpWNlotWGg5WVEzZk1LQ0xKODdYSU13TkdaclNDZE1rd2s0Unk4dTJhUDl1MGM1WQ?oc=5
World’s Best Banks 2023: Country And Territory Winners - Global Finance,2023-05-08 07:00:00,Global Finance,Worlds Best Banks 2023 Country And Territory WinnersnbspnbspGlobal Finance,https://news.google.com/rss/articles/CBMigAFBVV95cUxOUkozOWt1V2dxdG5INVczdm83Mm9WODdWaEdpSEVmeGtodWFOMTI4YkFVSDRNZ3VrTVVleDVQSWxWakFwTVNoMTJINVZ3aWtaNWx4RHJWWFU3akNUQlJfUy05cHJPYmVRb0VCbVFIUnV5MjBLWkFrVnQ2d3FoajNRcQ?oc=5
LPL Financial Welcomes Advisor Michelle Brennan Hall - LPL Financial,2023-05-10 07:00:00,LPL Financial,LPL Financial Welcomes Advisor Michelle Brennan HallnbspnbspLPL Financial,https://news.google.com/rss/articles/CBMipgFBVV95cUxONlljb3dvMGZmNThqZ2NYWnRIX084LTh2UlI4bjhLYnZMOTRMTm5za054SUhQTDlRSC1vSjFNVDd5OTZ0TnowcF9XVWdNM1ZfQWg5NzFqV0wzVzRQNUhUMUNqY3dPMzJBVHVXdEZKa1Z2Z1JUZ3AyUmRjUFpiaTAtaUtXZHhtYnVHYTBlcEc3Y0hPaVFFOVJ0aG11dEVuWnZ4VFAzeXRn?oc=5
Nissan reports strong financial results for fiscal year 2022 - global.nissannews.com,2023-05-11 07:00:00,global.nissannews.com,Nissan reports strong financial results for fiscal year 2022nbspnbspglobal.nissannews.com,https://news.google.com/rss/articles/CBMiY0FVX3lxTE1jWGpWVXE4dFFBbHk4Q0U1LW9fZHBGemoyNk5oT3hsQnI2alFoWUVaOHg1NkVkNWw1NUJoU3ZDMXhBbGN0WE5DandQQktqZ1NTWDM3cTRJUTlZd1lHOXNON01FOA?oc=5
Top 5 Reasons Financial Advisors Choose to Go Independent - LPL Financial,2023-05-08 07:00:00,LPL Financial,Top 5 Reasons Financial Advisors Choose to Go IndependentnbspnbspLPL Financial,https://news.google.com/rss/articles/CBMitAFBVV95cUxOUkZFLXpGTm0yN25EeTVRV2E0cWMtcFBUVHBSNjR6MHBEZXc1aFVKcVBaMXBsblJ3QlhseUFPcnNPMWpEZzRCOTN2RzZoNy1oQWJ4emp4dG80eU5ycFpDZXh1eHJiWlZoV3ZBQ19rVE1YdVI2LVo2ZXMwbUFYekVIZlZZenZWdXQ2MU9nYVJSR3RtNFYzNzNMTGZILVFCRDNfbFpNWjRIOFFNby1ualpzeHdfWlA?oc=5
Conference committee strikes agreement on early childhood finance bill - Minnesota House of Representatives,2023-05-12 07:00:00,Minnesota House of Representatives,Conference committee strikes agreement on early childhood finance billnbspnbspMinnesota House of Representatives,https://news.google.com/rss/articles/CBMiXkFVX3lxTE5PaVhwNlA0MXBhazV4TXFvdFpac1ZFdlNhT3VUaUY0T2dkbjFoQ2tGNTlnSEY1UFJUXzZsQTdtWFVVXzFhTnNVb1N2VXg0SWxFSmZwSFlwOVAtUVgwVUE?oc=5
White & Case advises lenders on financing for U-Power acquisition - White & Case LLP,2023-05-09 07:00:00,White & Case LLP,White Case advises lenders on financing for UPower acquisitionnbspnbspWhite Case LLP,https://news.google.com/rss/articles/CBMiowFBVV95cUxOZkg2d3JXM2lpMURVS3dROG80X2ppdWJsZl9jZEQwbmdCS3RYQ1pHbWNldGl2am9rQkp1ZWVPRWprNEt3d21pQndQSkJCVksxSnFGMEtFQk5fX0JJSFJnblUzcW1LMFRaUlUwcVBWc1BTbmlubnVGaVpTNVo1dk9KbHNVSE5JcWdhTy1FMW9YVmpWakFFUU1mQlJuSGN4OVhsWjd3?oc=5
"Finances, Jobs Still Top Military Family Concerns - Association of the United States Army",2023-05-12 07:00:00,Association of the United States Army,"Finances, Jobs Still Top Military Family ConcernsnbspnbspAssociation of the United States Army",https://news.google.com/rss/articles/CBMif0FVX3lxTE45a2RoeDVtVk5lRUlwOVY3VWYzYzhrUnAwQjlIMGFRWTZxbk9iOUdJazRCQkhXbkhaZ0dCdFk3SklXMVpGTTg5UFJwOFJadHltMXB0LVhIUGMxdWJUYTdRcExNUktDdWpkdElUMzNuZGJxSVBkTnFNVHlmdVk2QlE?oc=5
Commodity trade finance house of the year: Societe Generale - Risk.net,2023-05-12 07:00:00,Risk.net,Commodity trade finance house of the year Societe GeneralenbspnbspRisk.net,https://news.google.com/rss/articles/CBMioAFBVV95cUxPSUZtZnN1am92OG8xLWtxM0RTMDk3NEM2ODNMOEhKSUJfTjMzcnVKdU03azE4NUt0S3p3ZnhEVjVqRnREMVlsWTR6bnpRRDhSRkhCaGJMZWVrN0FEbWc5QWVmdnlBV1pKdWQ4VUpJekJSVkFScVZ2WGJ5ZEo1Z2VDTU12THRrQ3pnVV9GNlBWMUI4UzRsZERqZkhfUGo2MHc3?oc=5
Tamil Nadu Cabinet reshuffle | Thangam Thennarasu replaces Palanivel Thiaga Rajan as Tamil Nadu Finance Minister - The Hindu,2023-05-11 07:00:00,The Hindu,Tamil Nadu Cabinet reshuffle Thangam Thennarasu replaces Palanivel Thiaga Rajan as Tamil Nadu Finance MinisternbspnbspThe Hindu,https://news.google.com/rss/articles/CBMi5gFBVV95cUxOM1hCTk5DekZHOFRBTWJ3LUVvSkJLRmR4LWw2T2tYRnBESTd5ZkZhWmk0cVJvMFhRQUx1ZnVWNDhYLW91aHlpTEFNaGN6UkNsc0MxNEFNeGpFVE5zS0IzVU1EbUZTTkwtaG1SOVcxR2N6a0podWxDTUJRdWk0OEZDZXJZZDZ0UmlMeHlQUVlnZHhZRjRILWFVa2xPVkJGOGFGV3NwVXAtMHZPYUVidDUydjFMM2FxU2Q1SEdZUjNiZndzekpvMlg2VGNTeHRXdlhiSk1Nc2h0a09fME5GZFN5SHlxVEdTUdIB7AFBVV95cUxNc1VWdHpnRjRqNWktd21YRU9qTzA0WnNtblVtQ1FMMXo1SlV4WHRnZ0g1UUU1eXBnV0l2Q2szM3gzLUNKSWZNVkhTNmZldmpXUXhTLVZIbkUwOWhMeVBXVDZ5anRBRlR0NzA2ZlVSYmtoUjZfaUQ4djB4aWF6RW5NX3FkeHBHT2s4NGt6WjZIYUxqcWx3bk1ZOGl3OGN3WFdsbTEzZmRGZENLNjVnZFpmeHFlYXA4b1MxYlVVRmNpRkNadUtSckREaWFpaXZCVWM2RWQ1c3NFeXR1dHB1aHdJel9kN0JINFltWC1SMw?oc=5
How people are using AI for stock market picks - Marketplace,2023-05-09 07:00:00,Marketplace,How people are using AI for stock market picksnbspnbspMarketplace,https://news.google.com/rss/articles/CBMinwFBVV95cUxPYW1LeThUUnF0S3NrWW96c2xvM1FTOS1uaGtOU2ZiM21xVzNSb1QxbVc4ajU4QXBpNnZlQU5mT1d0blBHX09UOEh1dFFJUGlVNGRtaF9rQW9CMmxTeFp2NW1WRHpCTEYyZTZxeXNvdmUwSmFNdUpaYTBUVUJCZE1ONFQ1MWlLLVoxVk5HZTR3QnplUWpUZHBkdTJlay1TMnM?oc=5
Financial Economists Dismiss Stock Buyback Fury - Cato Institute,2023-05-10 07:00:00,Cato Institute,Financial Economists Dismiss Stock Buyback FurynbspnbspCato Institute,https://news.google.com/rss/articles/CBMifkFVX3lxTE5laFpReGcwWHVxU0RmbUxiU1UxTnplMTJPTm8wcEVodDRMTkVzRk5rVS0xVl9Nc0pZendmSWtsbi1KQXBZXzdETzI0TFJwcEg2MVNfTWNQR2wxVFhZVl9CZDc3TG1menlnYUd3ZXR1ZW9pUzZ6UFZnTTUtWG5MUQ?oc=5
The Biggest Asset Bubble in History - A Wealth of Common Sense,2023-05-11 07:00:00,A Wealth of Common Sense,The Biggest Asset Bubble in HistorynbspnbspA Wealth of Common Sense,https://news.google.com/rss/articles/CBMigwFBVV95cUxPWUphNzVYcW1YSTVXcnVjS0JvWURPNk5vT1NraFNzNktJbEl4OGczX3VjTGFQV0ZUaDYwRTBQYmVmczJVTzh6UWh2OERaZmw1T2dnRFU3RWE4WnVCQ0c5N0RqbzNtdm5CakZTSFduMWJ5RUFHNzRIeUluaGYzenFlUWJTQQ?oc=5
Apple versus the world: The iPhone maker is bigger than almost any stock market in the world - CNBC,2023-05-10 07:00:00,CNBC,Apple versus the world The iPhone maker is bigger than almost any stock market in the worldnbspnbspCNBC,https://news.google.com/rss/articles/CBMiqAFBVV95cUxOZENYZXMxUHI1aXRvWUJ3RWZzS3hTR3pHZkpCUVFEVTh4S2ZXNk5vb09ENHd5QWF3dEJPdFFmaVk1Q29ueU8weDd5WFZnYUtPSkhiUWlPdUl3MW9VVTFkd1h5NkRDS1E1OEFWbUZtbWd2b1ZlYVlBXzNHcDhEQmlFNXFCb3ZaODVDWno4YXJpRnZPb04xTXJSY1BZMnlZUjlLY2tVTlJBNnXSAa4BQVVfeXFMUFlELTdWS1FHN25vM2F5aGZvRHU4MjlyUlAyMVFBenB1MmJ1Z1ZNZEVQLUh1YldJaHdNRnhCeldXVDhuTEp1WUN1STJrVjd1Z0dwTVc0bjJHaUptaDZZY3RKVzhwM0xHb1dKaktfaEttMmxEVWtvekhYeFBBMlNvVE5VQUl3dS1IaTBqdnFqMFFKOWNSMndpaTR0WnVHbDVjbmxnN3JPNDg4T2Zrck93?oc=5
Robinhood Launching 24-Hour Weekday Stock Trading - Forbes,2023-05-11 07:00:00,Forbes,Robinhood Launching 24Hour Weekday Stock TradingnbspnbspForbes,https://news.google.com/rss/articles/CBMiqwFBVV95cUxQNFpVWXZieW8tWnFmX1lHODh4SVZxVUpXZWxHcFV4cTZNclAtYU5NMUFmYUdUNVRhbEtLN20zYzg1dnVFVVdZUkt3SmJBWTRHNTdXWG9HVWlCV2k2cW5TSnY2V3R4ZE00Wnk2eUxvUnIta0R4MnVuM0hfNzhYYmRiWloyVExZMmxBeXlETjhIa29ERXgwal9Rc1FKV2dSQlNIMVFKemFodl9JZWs?oc=5
Warren Buffett Dumping $13bn Worth of Stock Rings Alarm Bells Over Economy - Newsweek,2023-05-11 07:00:00,Newsweek,Warren Buffett Dumping 13bn Worth of Stock Rings Alarm Bells Over EconomynbspnbspNewsweek,https://news.google.com/rss/articles/CBMieEFVX3lxTFAyV0Ryeldfbkcxd216a1BlTXB1UEtoSWdnYjBJaXdyWEVPMFRDSGl3RnBYbU9sX2pMSVNabnpTSkJPSS1lNE1ZdE9Ld01kbVlMVEJaZnFwMzIxcW9oODhzcWJfdmo2bXMwRE42QVFBdGthRkZGaVpCeQ?oc=5
"thredUP Dual Lists on Long-Term Stock Exchange, Bolstering ESG Commitment - PR Newswire",2023-05-09 07:00:00,PR Newswire,"thredUP Dual Lists on LongTerm Stock Exchange, Bolstering ESG CommitmentnbspnbspPR Newswire",https://news.google.com/rss/articles/CBMixwFBVV95cUxNOGlPWHpUS0c1YjdULTRfYUJZdTdjRGlrYXFrT3piUUgtZXdhOE1jNGJzYnE0YVppQVpHSGtudmpaMG9TdkVzX3AxVGZWbGRUTVYySzQ1RGZXeWI5Y3g2OGZOYUUxdWRVZnhZajBBazA3WHlFYlZjSks4OG5DSzV3Wml3eDlVQWtybF9RT1FGVFAzeXRhNGZzbF9ZbFZJR3pqNXYtbjhFWDNZU29qWFdWWXNmdjZNNDlhY1dfYXJhQlJ6TFNDQy1j?oc=5
Male Stock Analysts With ‘Dominant’ Faces Get More Information—and Have Better Forecasts - The Wall Street Journal,2023-05-07 07:00:00,The Wall Street Journal,Male Stock Analysts With Dominant Faces Get More Informationand Have Better ForecastsnbspnbspThe Wall Street Journal,https://news.google.com/rss/articles/CBMiqgFBVV95cUxQbG9YT2g1OHpISWI1V1NoeHp6MGlLUS1DQ2h6YkZxMFI5YmdLMXh0cGktdi1pWm5iZngwV2RBYjF4bENjd0tXd2xQNUJXaTExVFNRU2tRVlI5ajc4N0NQb0t2M1g0N2lpU3NFa3laNFVFc0pfazd1Yi1xN3MtYTF4OF8yelhvZTV6SEJrTDRMc2NOaE10ZTlOMno1LVBTQUxlbVJlV2N5UUI2dw?oc=5
Smith Research Identifies Flaw in SEC Move to Help Investors in Retail Stock Trading Surge - Robert H. Smith School of Business,2023-05-11 07:00:00,Robert H. Smith School of Business,Smith Research Identifies Flaw in SEC Move to Help Investors in Retail Stock Trading SurgenbspnbspRobert H. Smith School of Business,https://news.google.com/rss/articles/CBMiugFBVV95cUxQWFVpNUFsUDY0ZUR4WHk1UmlXdHEtaVFYTWt6RmNnZFFkSzZ2bWxVWjlOU0FWdk9LQVdIeTBKSU5RZV9icVMtZXdTVWQ0dWNSd2F0NFBpV3M5T2pzdVVJV0d1ZW52UEcwRGRRbGxrd2hjOHU2ZG5acXdpSnB2eGdWUGJBNERNdlV5QllQSmpLa21GVGR6QkdOVzhXZWE5TVg4VnlqZUlraEpxV0ZzZkRGME02WHdpMVpKbmc?oc=5
What Happens if a Company’s Stock Falls to Zero? - Morningstar,2023-05-09 07:00:00,Morningstar,What Happens if a Companys Stock Falls to ZeronbspnbspMorningstar,https://news.google.com/rss/articles/CBMinAFBVV95cUxPSEZCeXpRd3piRlFyelZDNm1Mbk9JaXFaLWI3ZmJyQzRwWlNFdnhTTThZSzJmVE9vbmoyNnRfRlRBc0MyLXk3d3BFdk5YWHZxVk5WUlZ4cl9qT25KQnYtZjlNWXFibF9OMzlDQWpfblNueGFnZlR0Z2dWOUtJUTVuQVJrNTREa1pDaHRQZ3J4d0hHNS1fYi1BV1ZaNTA?oc=5
Stock market investments often tank during summer. Should you consider pulling out for a few months? - The Arizona Republic,2023-05-07 07:00:00,The Arizona Republic,Stock market investments often tank during summer. Should you consider pulling out for a few monthsnbspnbspThe Arizona Republic,https://news.google.com/rss/articles/CBMi7gFBVV95cUxOemo2THZ0ckhzaVF5eTFzbnBoSnQ3cjZOYWRhVjFFZUcyV0U1NjBwdUVCTC04SkpvSlVVZmZaOGVsb0syWUhJVC0tbGdiLVZQNGxSUmxkVWpHM0d3a2RDX2hCRU1VbG16SHdLTDhtNk4zcnV3RHZVSXplZS0wSkI0eTVkMDVkd2JPblpVVDBVaEVGRUJBbDdncHRBMkYwUy1mUm5adjRUVklaaWRWLXE1M25BSUxCZ3JzaFhVNXpqMlVIZjh5VnZqSkE2WE1rUngxaHZ2cDRfbE9nWExvN2RMWG44Y2pIX2N4R0pyT3d3?oc=5
Disney stock sees biggest decline in six months after subscribers miss estimates - Yahoo Finance,2023-05-11 07:00:00,Yahoo Finance,Disney stock sees biggest decline in six months after subscribers miss estimatesnbspnbspYahoo Finance,https://news.google.com/rss/articles/CBMikgFBVV95cUxOUHRaUG8wYUNveDVXblk1OTNJbHU3dDdUbUpwckZvRndhTEVKYjZUQmdHcUdBSUsyam1ERDhPdzhSREdmSnRFNV9HZWVSVklPVTduZ2dFeGdpVlRMUkFCaDZLNmtmZEpQd2NMaW8wV3BrelpwTG1uOWg1anhNNl9QTHlGc29McFpJWWp2b19SNGdkdw?oc=5
Alphabet trading at highest since August as Wall Street cheers Google's A.I. plans - CNBC,2023-05-11 07:00:00,CNBC,Alphabet trading at highest since August as Wall Street cheers Googles A.I. plansnbspnbspCNBC,https://news.google.com/rss/articles/CBMipgFBVV95cUxPUHlvelNvMWJYejhTVm9iQzRRZTU5Z29pWWpNN2Zadml6NlA4dUxHaGtLYWR0Mk1IYlBtc1M4bC1YdHNUTVlOX19HUmxPeTRQb2RrN2t6SWE2aEhNX2FWakk3RW16cVZPa08yVEhldEcxVnJFemFVVWhUT0VOSm9SRFdMY3B5ejVlMER0bm54Vi1vREoxWTVUVEQ0TjB0dG0tU3RhWGZR0gGrAUFVX3lxTE5zZU11YWZkQTdfcF8ta2lCZzc2VThrdGNvS0JlMkM5OGJad3Q1cVFMajVnaXR3Ym5ybzdUYVE1OWNGYkZLNnd5NVQtVHhsdklGR1JvUjEteDA2SWJWRGZiUl9nTDE2ejRmSUl0V1B1X1JQUG10NEF4R1EtWHFKMXRuT2dPRy05MEdZVHZUSzBPMVk5M2VIaTBOVzZBWm9OLWFLMmNqUjV6RmtVSQ?oc=5
Airbnb stock falls 11% after company forecasts revenue slowdown - Yahoo Finance,2023-05-10 07:00:00,Yahoo Finance,Airbnb stock falls 11 after company forecasts revenue slowdownnbspnbspYahoo Finance,https://news.google.com/rss/articles/CBMijwFBVV95cUxNMEwwdjV6OHJrZlBUdTRpZFV4RE1SWG1LdFlIb0lxY25mRC0yZ2prZHl4anlhX2hMWVZicFllNUVKR0hXakV3Y3h3SWdWZ0ZmejNBLXpwZ2txNU04NUZqa1IwcXVybEJMcjNTSC1VQmJaam5CX1JZVHowVmRQeV9xQ3NEOHByUks1N2ExZWdqcw?oc=5
ChatGPT Is Causing a Stock-Market Ruckus - The Wall Street Journal,2023-05-09 07:00:00,The Wall Street Journal,ChatGPT Is Causing a StockMarket RuckusnbspnbspThe Wall Street Journal,https://news.google.com/rss/articles/CBMihAFBVV95cUxNWktId2R4Nk5SWW1KdE56azBOX0xnTUNXb1haTGdhdmhQQmwwWEh1NUtndEcxZ2lWZ21nc1Y3WllhU21ZTG9FZ1JvLXoxSGlTMlB1akdOcndudTJPV0tfanBIQ3VrY1Z2ZFQ3S3IwRzh3RG9rZTJIQUFtNWhQYXh4VjVuUjI?oc=5
S&P 500 ends Monday little changed as investors look ahead to key inflation reports: Live updates - CNBC,2023-05-08 07:00:00,CNBC,SampP 500 ends Monday little changed as investors look ahead to key inflation reports Live updatesnbspnbspCNBC,https://news.google.com/rss/articles/CBMigwFBVV95cUxNeWJOOEFiRXhPS2lDUDlmanJOb1FZRVZSbVJObFlWbXFIbTNmdGkteC04Nmd5RnVKanhHRUlSY25MOHhPLUdzVDlsT0hqaVZpNVJjNkhtOGNsZXZyVUl5UDY3MGZkZWJad1R0TDhTcEZESW1CTlZCdFFMZlFCeEFZYTFHRdIBiAFBVV95cUxQRnBSVndkRDFoQ3c3aWRjX29oMjNwLVdyYTVrS0FWMERRa1ctSnd0Z2ZsVlhTRm1jc0I0QjZPWDBCVC1TdnBES1c0bGF6dkpUVlpJdjdJXzJTUC01RUFISlFzeUJDM0g1NXVLMVVZazAyMmpKblRxN3kyQ1dSdnltTnZOcE5mdUVa?oc=5
"ThredUp to list on alternative stock exchange: 'We're here to make a difference,' CEO says - CNBC",2023-05-09 07:00:00,CNBC,"ThredUp to list on alternative stock exchange Were here to make a difference, CEO saysnbspnbspCNBC",https://news.google.com/rss/articles/CBMikAFBVV95cUxQNkh2Y1MzYmc3bUR6aXROT3k3dDJlMEZtT25nSzNkN1BsNWNFNVBvak4zRjUxNzhEbEpibEV4Yk8wMXJGQ3lDcHNYUmxUVGEwRkp1SGZOSktheG5ibWI1UEYtS3B1LWNWVFFsTHUxc2lFT2NBak93SDZpMHZaNFNjMlRJYWJIVWxpNDNnTHNHbDTSAZYBQVVfeXFMT0lBcnZCazh3dG9Ld1NQbm5CRVNCUldlNmRKUVQtbXR3OVZJLWlhdlVpTzY3Z0VsMUlsUEJpRUVDUTdLX1VPaDRJbnJOTnFGZXR5aldndGU4NGFQd05nUzVhVFgxYkI3dTg3TEtfcF91T3FnWTF4ZXF6RG9NSzZUb19ZMnR6Z3lraWRyR0UtMXFsYlBiLV9R?oc=5
Disney Stock Tumbles: Time to Buy? - Kiplinger's Personal Finance,2023-05-11 07:00:00,Kiplinger's Personal Finance,Disney Stock Tumbles Time to BuynbspnbspKiplingers Personal Finance,https://news.google.com/rss/articles/CBMiZkFVX3lxTE9QWk1TMG1HYUlucldIOThxYnRQSlB1VlEyNVVhZG1wa290V1ZzYkRDVzNKRzhBT3hlR0lnWlJUVllMa2EtU0huWUF3UzRXTnJtaUNpOGRNNnpOZDVYUE83UFpzODRzUQ?oc=5
Tyson Stock Sell-Off Slashes Family Fortune - Forbes,2023-05-08 07:00:00,Forbes,Tyson Stock SellOff Slashes Family FortunenbspnbspForbes,https://news.google.com/rss/articles/CBMingFBVV95cUxNNmxYdHh5dV8xY3NDNzlma19XenNJa3dDVmJTZGpDM2pSdkJ0UU1ITmtseVd4RHl2TWtiNURydTZzdkhTaktDZmVqUXZMb3ktaUYyYWJTWERCU0hQQTQtR0laQ3dlNGU1VjllYlFJR1FPMnc4Ymt0YmtKeTV4dHA2cjY4ZW9JUXJZOG1HdExsLXZhdjlnb25zd3NybWZLUQ?oc=5
Is Etsy Stock Finally a Buy? - Kiplinger's Personal Finance,2023-05-12 07:00:00,Kiplinger's Personal Finance,Is Etsy Stock Finally a BuynbspnbspKiplingers Personal Finance,https://news.google.com/rss/articles/CBMiXkFVX3lxTE41bGk3NzJxdEgtSFczem1mZG1RaFZ5bjRIN0RtOEZsaFVobjM1eDItNE9KZjk4SHlHdWdzOG9rUHo4UjY4LTYyZ0Zfa2d2czFuTU9mREs5UmNIWUJEZGc?oc=5
"Robinhood Users Will Soon Be Able to Trade 24 Hours a Day, 5 Days a Week - Money",2023-05-11 07:00:00,Money,"Robinhood Users Will Soon Be Able to Trade 24 Hours a Day, 5 Days a WeeknbspnbspMoney",https://news.google.com/rss/articles/CBMif0FVX3lxTE95X3o2VWt6dmo2UFprckpsbUhCV01JdnVESVFWbGJSUDMyR3BjSVBJbld3SVJNOHlIcGxaSUJSWnRpZ2E2UmdUZzFmSkpMTTFNaGR5RENkbk9jV1NFYW9ja1NPSHZGQUJhZTROb2VVa1FMX0E3TmVWYmN2ZzRGcXPSAYsBQVVfeXFMTy10dzlXQk9WX3c4bF84MnNBUG11Z3pWY3BzQTBqWTJ6c3BwdjlRakFKVjFJM19IbU5sazA0ZFg5TjNVNllWdnREM2xIaEVsWXM2YS1CbFV1R0I4Rk9DeTVYM2tpLWhTeEFvSzhpaVNkUVhseFNsc0t5WC1OVjFRdXNpRjhwY29QTEJucw?oc=5
Can Dart-Throwing Journalists Beat Fund Managers in Stock Picking? - The Wall Street Journal,2023-05-08 07:00:00,The Wall Street Journal,Can DartThrowing Journalists Beat Fund Managers in Stock PickingnbspnbspThe Wall Street Journal,https://news.google.com/rss/articles/CBMixwFBVV95cUxQXzFidUdWclYwbmtuSFExa0t3NWoyZE1WLW1TTUJjeFB1NG4yV3VuY0UzM1U5R2loaDQ0bmZyWlp0V1hiQ19sa2ZkNXFZUnhIS3FRakhpYk5JNHZCMTZ2aU5XbTBZck15ZXBNZk9reDBSaGFGeTV6d3otb3BPS2dScXFVNFJKTlBZNy1LMldwWTIwQWxmekFQaWNEbXVkYVgwUWptS2liWkk3ajlHSVRwZDRzdElzVnNZSm1PZUd2bVRJMGZYRHVZ?oc=5
Top Cannabis Stocks for May 2023 - Investopedia,2023-05-10 07:00:00,Investopedia,Top Cannabis Stocks for May 2023nbspnbspInvestopedia,https://news.google.com/rss/articles/CBMiZ0FVX3lxTFAzX01KSFVpbmRYamtPbjRpZkU1Uk53YnZMcjhiM2o3VzJkLVpZUGhxWjZFLXFkWk1ISDhMZUFteFRNTG50R0ExaW9YWk94QWlBS05PM0wyRG1fXzE1YzdkeWhqaG85SG8?oc=5
"Disney Stock Falls on Uncertainty Over Streaming Profitability, Ad Weakness - Variety",2023-05-11 07:00:00,Variety,"Disney Stock Falls on Uncertainty Over Streaming Profitability, Ad WeaknessnbspnbspVariety",https://news.google.com/rss/articles/CBMirgFBVV95cUxQTnFfeERERm56djRjUW50YU9tMFo5cGlIVnZBN2gzdjNqNExnUXVpY2NBd0ZtVnlCMFZRcWZxLVYzN2NmWF9aZnVBdV9WY0J2YzZRQjJybG5yQ2R6eDl1Y3FTbHRMRmhMdXhYUTZtaVBHbndrYXNyUG9tUzJsczNFOG5TNWtiOEtaSm9lazRRdEczb2dpbDBvNmNPZEV1MmNtLUtDdWlwYTZxRnJSWEHSAbMBQVVfeXFMTzJnTXdGWHZOcms0SXdaR2ZaQ3h3OG9kMWJOd2dwUXJsVkx0djJBYk5WbzBQc0dSWGUzamoyYWh1MXpyRDZ4SjEzVnc4RnlvTkNQMnhvTGVpb2tpS05hTzR6Y3lCZzI5M1ZfYWR5WHJBcndKUHZld19jaXZWWm8zejZ2eWhqalFPbzMxSzZjaW9paTZ4ZE5LUGxCeWxrcUVlLUdjN2gtc3d3cC1RQjdMT1p2MjQ?oc=5
10 Best Stocks to Buy for a Quick Return - Yahoo Finance,2023-05-11 07:00:00,Yahoo Finance,10 Best Stocks to Buy for a Quick ReturnnbspnbspYahoo Finance,https://news.google.com/rss/articles/CBMiekFVX3lxTFBMUW81S2t3M0FHXzg5TUNVOS1CbW8yZDFacUp1Ql9WalhlSkM1UFkyTzY3NFphYmxhT2JUa0VPXzJkWVVBTnVIQV9KU3BueUJaYlA0UlhkVkY1LUl6ZjU2d0dwSERRbkV3NVZUV3Nqd2w0WmdLSjlUQVVR?oc=5
ThredUp Joins Long-Term Stock Exchange For Dual-Listing - Crunchbase News,2023-05-09 07:00:00,Crunchbase News,ThredUp Joins LongTerm Stock Exchange For DualListingnbspnbspCrunchbase News,https://news.google.com/rss/articles/CBMijgFBVV95cUxPX2VYWVRyLThVNFpwY29TMTh3STg1SXJSRWd2R0tTWDd0c0NEUnVPTFFjdTQ4Y0lLWWlQcF9qMHc2Zk5mUDhCOWNRUUx5eFhpOXZ3OVdQUExkWkZKdHBEa2FWd3pXZmVNbXNzTlZ3bmE3OFlfZkpCdEFrNjFJd0Iyc3NWVXhVQVBSd2VfalN3?oc=5
AIG: CEO Granted $50 Million in Restricted Stock - As You Sow,2023-05-09 07:00:00,As You Sow,AIG CEO Granted 50 Million in Restricted StocknbspnbspAs You Sow,https://news.google.com/rss/articles/CBMipAFBVV95cUxQQ3JLdDNTeXhQaFpZcUtqb3VYX2NVRVVLOWRfVFdpeDBGOEM2TXIwRlJLMTVacllScnBmSXV0ckY0dXFRbkwxcmdmMDdlcVlyd0xZZjdhaGFyM0Z1LXlKZ3k3WFJRRW85cmlHWk90NGk2NC1wWkNZQlF2dy1FY3NJSnNqcTVSX2otaWxGT0ZzZ3hHa21yaFZTYnlPWFMwU2VWSTR3ZNIBswFBVV95cUxQMXo4eWZqdmpYTjRya0dWeE90SGF6RkhBZjY1VzZWN2ZJRjlOZ1VIWVlEUTkwUTMySUR3ZU04eDRodURaTW0zVkotTTh3Z0lFekRXX05nMEt5bEdCVjE2bWFzYUhCNkRHUktuMmtPdDVydVVFajV4aTRNUkxJWHNHSHFHOFh2X29wV3FCSGNtaWVpLXBsWi13dEtfTjdxVmVocjFjNElDRkZveTExT3Q2SktBUQ?oc=5
Morgan Stanley’s Top 15 Stock Picks For 2023 - Yahoo Finance,2023-05-11 07:00:00,Yahoo Finance,Morgan Stanleys Top 15 Stock Picks For 2023nbspnbspYahoo Finance,https://news.google.com/rss/articles/CBMifkFVX3lxTE93dUpWeFdveHh6eXAyNWtVZ2EzTnJCdEJPU1IwdkdpeG5HcV9BTWN6bUlhTVhjajBSUVhPYjNDdV9ZZ2NFVDZ0dG9FUnVySWNQWmhYcmFtSFFBSUozVGw4VzBiRFhwNzhWbTJaajBoVWItUldLMmgzR2JGdGt3Zw?oc=5
Digital health company Babylon Health plans to go private as losses grow - Fierce healthcare,2023-05-11 07:00:00,Fierce healthcare,Digital health company Babylon Health plans to go private as losses grownbspnbspFierce healthcare,https://news.google.com/rss/articles/CBMitAFBVV95cUxNaVNMdjVZZ1hxYV9najM2bUU3TjZUQW9HLXA4TEdNeFRYNkNTWExueURzcHVqdWNmendZUW5IYjM4YzgxNkNHOVF4RzlnQzVXVEZVWVJlWFZ2cDBUc1dVTHZRb0haZDNuMzlKeExGc0hES1NkNTdrQ3pOUVluVFhyODVkZ0ZOS2Y0bWVYOXhkMmNLQWlwMzY3QUxWczVrZktva1J5S1lGWlRsZC1keXpjZkxiVmU?oc=5
Warren Buffett’s Berkshire Hathaway dumps billions of dollars of US stocks - Financial Times,2023-05-06 07:00:00,Financial Times,Warren Buffetts Berkshire Hathaway dumps billions of dollars of US stocksnbspnbspFinancial Times,https://news.google.com/rss/articles/CBMicEFVX3lxTE5FYVZNOFRDcGVQMlBuSVhLeEUxWHVoZG1ZRkZHcGRNcmJxVXNuUEk4S2NxeGh0WC1DWjNPUGZrMkhYa2l4ejZCaXE1YVdiQl9BTW5ncmtzRC1MN3U2bkZvRmxVa21uWDA3eVFkcGpjLWw?oc=5
Buy stocks instead of life insurance. Your family will thank you - MarketWatch,2023-05-10 07:00:00,MarketWatch,Buy stocks instead of life insurance. Your family will thank younbspnbspMarketWatch,https://news.google.com/rss/articles/CBMitgFBVV95cUxNSXZmS0U1V3RyRGVFV0NjTE5mLWRqZ2s2R1A4V2d4WHN6LVdoOTYzby1EOXQ1dnZWczAtLUF4dXQyLWJiRk1uZVpjS1JhbkpHWDdXZ09RQW9Bd29xVWQ2aE1tam5lNG9PZHBJbmF5ejZQM1JOMmlRcGRwMkZvU3FSZ243djduTFZZM2lfc0hsQ2JZVlIyS0NSeGNOTktHX25na0R4QTdmX3R1d3BQakd3MkRFNUVxd9IBuwFBVV95cUxNM3hrMDN4UjdwX3lsSHRSMVdqSHlYa2FIUVRZUWdsMjEySWRPMy1qUF80MjdNeXJPNy0wUzVaaVNyNWVSa3gxSnRIb2Z2Zlo5N016Y1Q1N3hHWEpjTmxPS1B6MGdjZVB0Q1Zrb25FTFRNLURGckxBb3EwSV8yZU9NOGloUmVsaDdSZ2hvdktQWWhoU2hoNWVVR0VUdDVQN0pPR1pOTDJ0SExzS0Z4ejZBcFhtQXRUNzBLMG9F?oc=5
Shipping stock sell-off: Shares down double digits since March - FreightWaves,2023-05-09 07:00:00,FreightWaves,Shipping stock selloff Shares down double digits since MarchnbspnbspFreightWaves,https://news.google.com/rss/articles/CBMipwFBVV95cUxPVlRrajhCRlp1QWI1Y3MzVmlOajJFcWR6QUlEWExNX1g0U1NsQ256R1JoR0h1d1VZS1JhMnkzd1BSSFl0VGVoS2cwRlpncjAzaHR6VW9OMm1JNTJ3QkkwX0dSQkRqbFNvZEtGUzhScUd4MHVSZERLOExOWkw3bWpRNTlMdllqVVNmMjloUWFNSjcwWERVU2JFYi1Sd3NIVGxBOS0tZDJSRdIBrAFBVV95cUxNRkh6ZHlZRmEwQVBnQVNSS0hUNDVCWjJCLTVfdHUwZmVadll2cnBxcVJkUjIxY0UzQ1BPamR1SG5rbkllY2dvWGVDblBEdlRhQ1VfTHJSaHZtTVlVTkd0NHNUc2VGcGIzb29tMFFWSjBKQW5LOG8xNjBpUXU4emdJX29WRkRzTlNCcUxjdHc4NU1LUGt4T2xTVVRqUldwb211a3dHWVNVaFRWcE5u?oc=5
Airbnb Stock Craters — Cofounders Lose $3 Billion In One Day - Forbes,2023-05-10 07:00:00,Forbes,Airbnb Stock Craters Cofounders Lose 3 Billion In One DaynbspnbspForbes,https://news.google.com/rss/articles/CBMirwFBVV95cUxQdjdHYVBjeG1YSmhNWkJyMWRhM3B4UVJKRUYxTkhpRDBjRWJqeHBpMDZJTUxhSmVIaVJwVHloZGlRaEN6RndWZXlmYTZqQ2NHZGF5WmNhUVdCeUdBQVdfQ19YRU9zOU5jdWVCLXV4dk1lOXQyc21yWXVTZmgtanFmLUVPQmxyMEpueVoyMWVQcDNwMU4yd0M4cnFSNm8zakg4V1dpaG1JdmFsUnZLdnNF?oc=5
7 Stocks That Are Good Inflation Investments - U.S News & World Report Money,2023-05-10 07:00:00,U.S News & World Report Money,7 Stocks That Are Good Inflation InvestmentsnbspnbspU.S News World Report Money,https://news.google.com/rss/articles/CBMipwFBVV95cUxQamx4N3RrX0p5dTJYeWNtNU9PT0I5Q3ZmUkJNam5vM1lSOXlVTy1xRjg2SVNyZnM2c0RoV1dHcnUxMjJVZkl6Uk9ROThFNVdyQlFyQWJ0aGVaM1FBcnJ1emhBNm1kRHh3MmRvTndhUHNQVzMyVmk1NW0zc2JrRXBkV0ltWWxmMHFqNGVFV1lVM25IQ2RBUlE5cS1YWmtPeUdVSjRvZjE2QQ?oc=5
Warren Buffett’s company keeps selling carmaker BYD’s stock - The Associated Press,2023-05-08 07:00:00,The Associated Press,Warren Buffetts company keeps selling carmaker BYDs stocknbspnbspThe Associated Press,https://news.google.com/rss/articles/CBMingFBVV95cUxPdmxoM0ZQQXZHRTk5U3h1LUdFRldRcU1CVDc1NlpNZzdtd3JnRUVDb2p2M1RKbVlFX1NtbmZ4a3gwX1hqMXc1elJ4MVdDUFNpNUhXZHFpcjJaa2xFcHY5M3dSNjhxUFFwZFUyYnBJM2o4SXFNZTBkOEFaeWhKdFhHaU1VcGRRWlhXZlliZmtKYktyT3Z0Y01OMVFXaVpwZw?oc=5
"Lululemon, Athleisure Apparel Giant, Expected To See Profits Soar 100% - Investor's Business Daily",2023-05-10 07:00:00,Investor's Business Daily,"Lululemon, Athleisure Apparel Giant, Expected To See Profits Soar 100nbspnbspInvestors Business Daily",https://news.google.com/rss/articles/CBMixwFBVV95cUxPMHo1cjJId1ZFaDR1TmtNTGlXd0FmZTR4QUtvSFNXakxnTTBVNVBYckdMTDlZVEpiRE9FT3RZclhnWWREODUwYjNBTUs4U1VpdFhGd05sOFUzVDh3a2F5UmFHUnBvZ2I1LVVjZ1hZMVlaUUw4eUMza2hrakUwc0t3WVNrZFg1bGw4Y0VHdDFDTzkydEhqT3pKNzNUUWVRQUh1aGZERXJtYUdIRlNfT2g3RmptVVZoQkY2ZHRPc1dLVFRYbldqUUhz?oc=5
12 Best Household and Personal Care Stocks To Buy - Yahoo Finance,2023-05-10 07:00:00,Yahoo Finance,12 Best Household and Personal Care Stocks To BuynbspnbspYahoo Finance,https://news.google.com/rss/articles/CBMigwFBVV95cUxOWlhlTEtnWVBibzBrQkZWeVBWUm9WaUlVa3F4cC05dGttUHk1ZUt2dkJZakFjTWQtUTBnU0pUZUpXYmtkZU5MRzQ2a0tPSl9qZVY4LXluQXk2RU9wd2lQY19zdm1lLV9TejdKLU9kd0J4R1llY2UwNVF0RjIweTZBaWRrdw?oc=5
"3 Penny Stocks That Could Turn $1,000 into $10,000 in a Year - Yahoo Finance",2023-05-11 07:00:00,Yahoo Finance,"3 Penny Stocks That Could Turn 1,000 into 10,000 in a YearnbspnbspYahoo Finance",https://news.google.com/rss/articles/CBMie0FVX3lxTE9kdHVrR1YxZnRlTThITGtlRTZzZnp6dXl3NG55aHlueGJRRGtfQURzaUMxdHVhbWZHQmQ4aElQMDNrVU8tM2xrTFJvSU5PSVhzUnIyRGczSmNmSnFkUFdrNUNWOHppWEhZVmhmYXlxM2MtZ3hSTkRjWnFjdw?oc=5
PLUG Stock: Plug Power Posts Dismal Q1. High Hydrogen Costs Are To Blame. - Investor's Business Daily,2023-05-09 07:00:00,Investor's Business Daily,PLUG Stock Plug Power Posts Dismal Q1. High Hydrogen Costs Are To Blame.nbspnbspInvestors Business Daily,https://news.google.com/rss/articles/CBMiZ0FVX3lxTE1odzN3NGRVc2ZldzYtdEQ5X3hZSE1vMTBEUEJweTZmWmMxM041UEJFY0RhZWZkSk5IM0puY05xRFlNZFh4NGVOSlFxdE5JejBaV0x1RDJfR2dhMFpYaDZaeDRQREl2dnc?oc=5
"Taysha Faces Stock Delisting, Scraps $75M Durham Manufacturing Facility - Genetic Engineering & Biotechnology News",2023-05-09 07:00:00,Genetic Engineering & Biotechnology News,"Taysha Faces Stock Delisting, Scraps 75M Durham Manufacturing FacilitynbspnbspGenetic Engineering Biotechnology News",https://news.google.com/rss/articles/CBMiuwFBVV95cUxOYXg0NWh4SGpJWW8wLXZZdEVMSkNvVWZ0eElqd0xESnQ2WHVRbzRKX0F2QXEtcFdlR3VFc2lUT2xjelo4a2hWaHNqOTVXeGZEQ21UVngtbFRPWUtuSUdaS0xTMVByT2pISXZJVVU5WWk1YmozOENKZVVpY21XZG1QcmxPbld4Z2lsNkcteFRKTWptNTVEN0UyZXJYdGY3RnZmR1F0cURvUmxidXdNSURlNjRfTzBEcmpnUHpJ?oc=5
Why bank stocks are so unstable - CNN,2023-05-09 07:00:00,CNN,Why bank stocks are so unstablenbspnbspCNN,https://news.google.com/rss/articles/CBMiggFBVV95cUxOYWQ4MVdPWWpnQ19rd3NLRFdiUVVnN1BSYzk4b3V5UjhzS0VveGVtazUwVEluUXNlWlhYS3E5SWdjM1FKcWtMa1RjalNZSEJWeC16Q2xWZzZiNjZWM2MzYTc1RVJIWEV4V1R1NkYzX2RSbkhrMjdlS1RhMWpUV0dXdEpR0gF4QVVfeXFMTlIxSnFsUzBaUHhYZmxSVFBnNTRHR1IwSzNzZ28zaGF3X1JFSDZ4ekZ4NHpUcFcwQlVvNVhIdENoUjlORGlkVjVmQlNyRDFMcEJwSllpYXc3UzlvUFZBUnctX3JQazRFLW1wY1lwRS1rdnN1U0ZHVEZv?oc=5
Integral Ad Science Announces Pricing of Secondary Offering of Common Stock by Selling Stockholders - PR Newswire,2023-05-09 07:00:00,PR Newswire,Integral Ad Science Announces Pricing of Secondary Offering of Common Stock by Selling StockholdersnbspnbspPR Newswire,https://news.google.com/rss/articles/CBMi6wFBVV95cUxOVVZITTJLTzhUZVd6REtXUWM2dWdEYjVXWnNpMWhlcnQwSE5oeWx1TGNadDdLbzM0VVhuWXNSMk84TklBOGUwM183TEt6czIySlhvczRsT1Bzd1p5SmJIOVJSZFVWanlscHd1Z3lMdkpCYVpob3JYMHcwZFNDREZYOG5xSVljQlhwUGYxQk9NVnRfN3NMNHNvQi04MnFhQTlqWkZYYThxdS0tQzRpWW9WTmNqcWJEdDNYamFzWDFwZWpaX2dqaUlUTXd1N0NPbHhxa3F0LV9TWEttQkdkek9uWU95c0s4a0t5ZXZB?oc=5
Selling Your Business Tax-Free: The Magic of Qualified Small Business Stock - Brown Brothers Harriman,2023-05-09 07:00:00,Brown Brothers Harriman,Selling Your Business TaxFree The Magic of Qualified Small Business StocknbspnbspBrown Brothers Harriman,https://news.google.com/rss/articles/CBMi1wFBVV95cUxPQVVTR0RESkRFQkYtZlcwckE0ZENXbXhLanNRR3ZMUHpiS3pzRktwREcyWERycHJfcGJoalpWakVBeUlNaGtmODVQRGpPM1pNRTV5bzBhdnlRQjR5cnZLRWlaaGhweW1oaWVRM2hubXJydTBSQ3VMZzRKUXRRRkE1Qkk2OGcyd2wwbXdTT3YzcFR0LUFrblNRVzNtWWZrWHNwMXN3S2NZYUtBYjFoSGhGU2lIc2V1VjluYjB0QXRmQlFkWUNDTUN4bldIUDdYeV9FMl9YSVhVaw?oc=5
"Options investors guard against US stock tumble, despite buoyant markets - Reuters",2023-05-09 07:00:00,Reuters,"Options investors guard against US stock tumble, despite buoyant marketsnbspnbspReuters",https://news.google.com/rss/articles/CBMiugFBVV95cUxNaDVjbVF0VEtuLVFHTXI4QWpXaE1MRlFMMmtjSlZ1SVVueldoUUlkVTMwbmt6a29uTzJoMnJmOERoOHJMcXp3OEtlU2o1cS15eEJweHRzM0d3SFVoNXZVZWh4UTAyTUVjdEk2ODVJWDhNUUMyS2Z4d2czTEhEMmRUR3Npc3BzU2FvUWxBNEJodUNuYW5hNFpPdFJDeTE1ck1tdGNEY2Q1MnZzVW1TQmVFdWt4SENLMERUVnc?oc=5
There is nothing typical for stocks when the Fed stops raising rates - Financial Times,2023-05-10 07:00:00,Financial Times,There is nothing typical for stocks when the Fed stops raising ratesnbspnbspFinancial Times,https://news.google.com/rss/articles/CBMicEFVX3lxTE1kcmVPVlF2cXg3T0k4cGhySk5neks1UjNzU1EzZXFKOWZGTUo2WXVrQlN3a2J0dGN4UWhoMl9DQzNVRVRsTHg3VFg0SjRJSGZMTnFCVjVFMzd2U3FpaFpBc2ZtN25OMkVZMnRpRTJ3emE?oc=5
Bud Light sales continue to fall weeks after Mulvaney ad debacle - CBS News,2023-05-12 07:00:00,CBS News,Bud Light sales continue to fall weeks after Mulvaney ad debaclenbspnbspCBS News,https://news.google.com/rss/articles/CBMilgFBVV95cUxOQUdGZE4xZnZDS1VQV19MZ2VlN1YydVdWVThnenB6S1A0OU5WbEJQZWJ1R2dOd2Q3OE5Qb0Y0Wml2ZVl3ZW96Q1h2X1hNNFRKNzBFTy0zZlhvdXZlYzBHeWNxbzBRdllUMzdjM0Z4TTA2cnJrTDItNjNpdWx1UDdSWDQ1b21sOWxkaFo3TU9CNzRrTDJSOWfSAZsBQVVfeXFMTVlvVk96TDF0cmZ4RHVqX1hUVUdRUGtHSGVHUVlFNVVZaE95cEU5bzdFWktZVjNOTDhHTlMwRnd4SkJiVFRJNFJoOXhmbVNZMWEwRGtQMGdCRExJMWJCTjlkaWc4UEc3QlliRDFONGFISnFoRWRaTGZqc2ZobTFGSDdpMXFiQUtJNUFDRWF6ZXlYZUlHc2JJVHJlanc?oc=5
Carl Icahn's company stock falls 15% after prosecutors seek financial information - CNBC,2023-05-10 07:00:00,CNBC,Carl Icahns company stock falls 15 after prosecutors seek financial informationnbspnbspCNBC,https://news.google.com/rss/articles/CBMitgFBVV95cUxPY1o1VUYzRGxPTUp6T0g3UGhFVzUxUmRVbklZcmtTTTNVVXhIQnpYeEVESWRzek5CY0NVWnNiWUhtMG05RjRrVmhfTVc5TnlmeTZTeXFId3FvUWRaWEZQNkY2VW9rRDh2blBZQk9obU9OcXBCeW5aQ2g5V1Y3YWI2RUwwX1BOYkFqbF83Xy1HSVNfemFmRTl3SmxMSGZQN3g5UG1lVlNLYkN6aU9Za1N2b0NsS284Z9IBuwFBVV95cUxOUUNVNlJkN1hBTjgyblJ3cWRDR0M4NjZzRFY4SUo2MEVuTnAyTXlTbnRST3l1bkF0MFo5WTRiNDFYZ2JnTnpZb2xJUTVDYTZ2VkdVVmpGdkgxSTUwNzRWY3MzcENvUU11VURJUi1hZEF3QUdoZXR3RWFNV2I5ZzkyMGxWWmh0Sml6WFVYY1lQUTlGSTg0NEtwOHZsdHR6MkxXS0FTNXpQWFdSWVhVdkFOOFZaVUNzYnJ6T2xz?oc=5
"After hitting new heights during the pandemic, PayPal has struggled in the market. Here's what's killing the company's stock growth - CNBC",2023-05-08 07:00:00,CNBC,"After hitting new heights during the pandemic, PayPal has struggled in the market. Heres whats killing the companys stock growthnbspnbspCNBC",https://news.google.com/rss/articles/CBMigwFBVV95cUxNRTZFTEVXcU91Wkl4bzJrSUJlRktkRmFyLUdFbmlGZlpMdXVpdVN2Z280V2FhZXhxYUNxcXo4bG1hOFVSQ0x5QVZWMGowcVo5ODUtRHNGeUN4a1REbVhfRktNZXpUY2paZjRJd0JaeGZvUkFlVFhTd2d4RDFjdGotSXk2QdIBiAFBVV95cUxPR1ZiU1JSRHFnRHk1TGo3b2JOSmplcXBpY3oyMFF6cVlGSXVoZVY4RlBvSDVPbHpPWWxHNFRHUGNlZV9MQmR4TW1LRzBqUmNrZ2JOVUxFV19HRHV6WllPOGUzTDhJYk1OUy1NOHIyVHdodU0zbEtDR0l0MUh1U1ZWUGdqOURON09j?oc=5
"Berkshire posts $35.5 billion profit, sells over $13 billion in stocks - Reuters",2023-05-06 07:00:00,Reuters,"Berkshire posts 35.5 billion profit, sells over 13 billion in stocksnbspnbspReuters",https://news.google.com/rss/articles/CBMiqAFBVV95cUxPZUpiT3Nmd0NKUVpmVzdrSU9ubzNhOWRiVmVjcmItTVhYQUNSVzg4QkpRZzBoLURKeUgyamFwQzJaRGQ2d0FZZ2MzeUxYbmtsZWZmWlQyelRMZndNeGhJbWV6eU0yOEFPRGMwaTRGSDlHVUwxUURMVkRVbXlNVnQ3N29raWYwMV8yQ19XXzBQYktBemxfRl9RTElIcDFEZTA1UEJyOUxQME4?oc=5
Top Video Game Stocks for Q2 2023 - Investopedia,2023-05-08 07:00:00,Investopedia,Top Video Game Stocks for Q2 2023nbspnbspInvestopedia,https://news.google.com/rss/articles/CBMidEFVX3lxTE15Wl9tRmNuakozckc1clgzQV9GU2lfbS1ZWkhoM2M1Sk10Y3VwV1FXVXFsUmFGMFROQW81U3N4cXY0dzFma3VxNjVkWi0xdWkwaFJtNFdJWVFDcWFaLXVFSUxVRG5NcWJIVlkxNUI0TUJpVUha?oc=5
U.S. imports of cut flowers and nursery products grew to $3.3 billion in 2022 - usda.gov,2023-05-09 07:00:00,usda.gov,U.S. imports of cut flowers and nursery products grew to 3.3 billion in 2022nbspnbspusda.gov,https://news.google.com/rss/articles/CBMikwFBVV95cUxOYm9QanVpUDV0bWdhRDJnNnA3T1p2X2lpR2xSV2xIWVUzeHRuemVjOWVlTll0ckRuNjRQblkwcldIYjMtUVhfX3BCUlVkclRzVklSVVhoUEVTazktYXFjSXFXdGhGRHVqR0lEcnJiLUFUTVY3MXBLU2Joc0RQSGhoYzNIamtkQ2M3NllJR0ZOUExoWnM?oc=5
Meet The World’s Laziest Stock Scammers - Forbes,2023-05-09 07:00:00,Forbes,Meet The Worlds Laziest Stock ScammersnbspnbspForbes,https://news.google.com/rss/articles/CBMinAFBVV95cUxPWE1acC1QNk1vWGJNamJvTlpEbVpVSFoxcTBlMFQwM2xRREZyY1QtZGpiaVpjcVZwWVVYc2h1bl9rVmJfODFhNm9SSG04RHZSbjNFWXdpZmxWWDBxbjRUYS1fMnNaQTJMVzJ3VUd4aFBlMWctcXdPN1pDWElzcUVtYVY3SERncUxyQVdxWGdKM2FUaTBXY1BBV1dHc1o?oc=5
"Dow closes more than 200 points lower for fourth straight day of losses, dragged down by Disney: Live updates - CNBC",2023-05-11 07:00:00,CNBC,"Dow closes more than 200 points lower for fourth straight day of losses, dragged down by Disney Live updatesnbspnbspCNBC",https://news.google.com/rss/articles/CBMieEFVX3lxTFBnWXhKdVdkbGFHeElReTFvSXg3Yi15bkI4MWJNV1hTRWJXVkRpUEF3c3gyZ2dHOW9xaEZUcnZqQ2JkQ1JDcjRZb01vdVl0VlAzLVN5cUtDemVyRzZkMHlWa3hPTTV3dENNd2hQQVNwal9BN092bWxLdtIBfkFVX3lxTE9YYUtFWXFqS3I3VmlKcjFmb09wSDNoNmRSV2x0RkhRWHlLT3MtYkwzUU5wMjhITWhKcjBxa0Uxb3JnMWFqRHhEc0tiMURLTG9INFI4SWpBX0FPbmQwenNnYlNUd1d1WUd0N1NoQ01zd3VSWTJka0xrbWJ6YmhqUQ?oc=5
"Here are the top 10 tech stock analysts of the past decade, according to TipRanks - CNBC",2023-05-07 07:00:00,CNBC,"Here are the top 10 tech stock analysts of the past decade, according to TipRanksnbspnbspCNBC",https://news.google.com/rss/articles/CBMipwFBVV95cUxQTTk2M09KV3RDXzRTdWhMYzFNTjVRN3BLQllaX2NCU0pvT0QwcGNCUTJxb1RBS2g1aGtwZDVaRFg0ZW9YZnkyeHR4U0Y2a2VEWkhVeU1sYVFGYnYwVjRCdk94NHdYZGpzVm5fRERqWTF0NFhTRFoxSDd3aDRhd2hMbVBkY1Z6U1VkYzcyVEJfVmlReTgta2p1WnZtOHpWN1hlYzQ3aXJ3TdIBrAFBVV95cUxPRk9TR3RfbUdOeUliZXhFZURhV0VBRmcwaXhZMzlnNlhGQk1XZ0JyTGJraktCbTZLcldhYjIwa2I0MlJTanduX19zSERHSG1nOTRDSFFmUGVPWmxoeXhaRUdZYnlGVkhLaXo0QlMwNjBRTnhMMXN4V19HRWhiNjFLZ1F3X3djeDljYUZjc0ViWE9mem0tdG9FLS1BVmRBaTZlcXlQQnUwbF9GR0JV?oc=5
ImmunityBio (IBRX) Stock Jumps 43.2%: Will It Continue to Soar? - Yahoo Finance,2023-05-07 07:00:00,Yahoo Finance,ImmunityBio IBRX Stock Jumps 43.2 Will It Continue to SoarnbspnbspYahoo Finance,https://news.google.com/rss/articles/CBMigwFBVV95cUxPWENNTHZOcUM1R3FsWkZqdE5WX05GcGwxdGNhRmFQNE9panhEdFdUT0hrYklSSUJxa2pYZXdLRkxVZkxiTE9RU01DcTNZa1FvekI4RjhWYVFUZXEtdGVlY05jdXpuOGJNS3dYY1hYdnoxWnRWTnB2Mzd1V3IwY1JORmg2OA?oc=5
ChatGPT Is Causing a Stock-Market Ruckus | Stock Market News - Mint,2023-05-09 07:00:00,Mint,ChatGPT Is Causing a StockMarket Ruckus Stock Market NewsnbspnbspMint,https://news.google.com/rss/articles/CBMirwFBVV95cUxOTGhhaXVweGdZUVU4amNjV1NoQ3A3YlZXX3JjQmFXSmRzMHVOOE40Q3VOcnRjbEhlTHl0dUJVd3B6ZVkza1M4clhISWRSVkkyYmtqdmRacUI1M0hiZXNJR2pzNVIyX1pMQXh6MTMweGFIR3oycC1aSTJoX0Zib01fcUhKRmpDSzNIX1lfTUgxY2VvWVcwbkYxa1JnU3RmZFF4YlNQb1YtcjhEM2tyd3lF0gG0AUFVX3lxTFBHd2hwNUNFUFlPUlVDc2dXUV9NcVBxaFVPbk80U21uNGY0c0lkV0ExTjRqT0dMaElBcDlkOHVHcWhXd3hsZ1I2anZNdGhPN1QyTVkzZUMzaGpaSlVqcVllNXV3dWRFaFNCN0d3aEJRaUxMSVg1R1NEVUJsb2ZObHl5Y3M4X0V1QlF0VERsZTFWakFLcHdOTEFOMmRyc3VhTXk0eUZTWk5qQmdDcFBCZ2hOR3JUWQ?oc=5
12 Best Fast Growth Stocks to Buy Now - Yahoo Finance,2023-05-09 07:00:00,Yahoo Finance,12 Best Fast Growth Stocks to Buy NownbspnbspYahoo Finance,https://news.google.com/rss/articles/CBMifEFVX3lxTE9kckQxVUZCdndtb0ZyaWhzV0haVUxmRkc3NWZ0NGVVc0hPeG1Kcnk3S0E4OUx6aGFjeWhCdG9Jc2s4Wjc0MHB1Tnljc19VVnUyaGlzWF9OVnl0dkFiT3dSMldsSEZoQmZZUEU4bXRjTFR2Y1lrRFZTWTY1Y2M?oc=5
Tech earnings featured more stock buybacks – here's what that means for investors - Yahoo Finance,2023-05-09 07:00:00,Yahoo Finance,Tech earnings featured more stock buybacks heres what that means for investorsnbspnbspYahoo Finance,https://news.google.com/rss/articles/CBMiwwFBVV95cUxQVE5nYUdHNUttYmw4MlFHVUx1QjBIODBIZDVRMnhFRGR6em91MmE4U3Vpa19YUEJLd1lUTDlQZ0l2QkxUcXNITFBMbk1mWmtlNm1Vem5aajZFdk9aLUhHc01KM3M3MlVGbmJZMTlYYzBkb19QY3g2c3BUMl92Y0o2c0FRUW9nM1VieWZHTUxqRm1acG5pZVZESDVSZnpUczNpVDY2UjJyejc2akRYSUk0WmdWblpzN1hLMUU2TUctTF9BQXM?oc=5
13 Best Consulting Stocks to Buy Now - Yahoo Finance,2023-05-09 07:00:00,Yahoo Finance,13 Best Consulting Stocks to Buy NownbspnbspYahoo Finance,https://news.google.com/rss/articles/CBMigAFBVV95cUxPZDRmUlF6M2tFMVlaWWdFZGVxbU9LaHhQMUpQTUpldFRjajNPOW9nLS00RFU3T1p4YWgtOUxBdWhfYWU1dHlQaXR3cXFHZVZ5SFoxbldQOUVka01UbUdFNS1xdGkzdnJGSC16ZEExQkV1U1NJN045b3dfdnR2ZXlLZw?oc=5
"FDA Rejects ImmunityBio’s Bladder Cancer Therapy, Sends Stock Tumbling - BioSpace",2023-05-11 07:00:00,BioSpace,"FDA Rejects ImmunityBios Bladder Cancer Therapy, Sends Stock TumblingnbspnbspBioSpace",https://news.google.com/rss/articles/CBMimgFBVV95cUxOMVFma01zdi1OX3dMdXJGa29BbWNja3JxUmtOaFNITzQ0NG1rLXlHUmt5NzlnM3MwY3hlcjgyQlZzaFpQRVpSQl9tOUxmbnhTOXZ3Q3RmN0ZOX0RydUtIUVNIUC1UMWVENTQ1c3YyTnJKa1NUdUpRZ0RXTEhMNDZsSGNPLU53WGR5SDNrSDl2OXVWclFsY2FPbXJB?oc=5
7 GPT-4 prompts to filter top stocks using AI: Hedge fund manager - Business Insider,2023-05-11 07:00:00,Business Insider,7 GPT4 prompts to filter top stocks using AI Hedge fund managernbspnbspBusiness Insider,https://news.google.com/rss/articles/CBMikwFBVV95cUxNLWtQLVR1T3pJWW1ZMXQ1RFo0ZE14d3VGN0Y3aDJHcmUzZXdfRHhkMVI2WjJLdVREeTNrV2JIb3ppcXlFTWJOSy1SRkhRdGlOcTl1cENwaFc4RW10aWp2MktOM0JyQ1BmY2Rkakh1RlBqdXVXQlNDS1QwZFJVZ0VURXVNdVM0c3JFRGdna0NmMWxZQlnSAZgBQVVfeXFMTV9VZTJYVGFCZ1JRUlpUbTF2ZWs2ZmZ3UVM4RGtibkNDVldGS3B2UjFLUTQ3cHh2cXJYWkNZdEtOMTBvMzUzNjg2d2NMY001MUZWRzJBS05wdzRUSkxpdFJqdTVOcF9JWG93SjgyVFlaNVBPcFZmblBrQmpKUTJacHZ2Zl9ka2hyZEprcjJybnJmQUNITUY1Unk?oc=5
Are these the best mental health stocks? - IG International,2023-05-11 08:55:33,IG International,Are these the best mental health stocksnbspnbspIG International,https://news.google.com/rss/articles/CBMikgFBVV95cUxQcDdUY1ZTUVRiQ0pGNWYwbjhQVE5tYlNJSmtFcXNmMXpEdi1mclZBVXJtUDlqcWw2dFJpZGpIemc4MEJ5cU9mMG8wYUNYMGc2TE54UFpWMWdvanluYkdYWFlJYllpSzJlUzE4N05FbU9aTF9pNEZuTXFqODZ4cFJ5TTc1SGJSRWxTZy1lbjN1dGJEUQ?oc=5
Stock Trading Bot: Coding Your Own Trading Algo - Investopedia,2023-05-10 07:00:00,Investopedia,Stock Trading Bot Coding Your Own Trading AlgonbspnbspInvestopedia,https://news.google.com/rss/articles/CBMiogFBVV95cUxNZU1Da25teVZUYThndi05SXZyaTBVd000c1hLQ1hXem92UVV5U1hJeXpJYWhUZGpVUGNoV191WnhvTFkzRjJGNjYzVWNETEVsX05jbTJMWHhNdnZOYlJkU2E5N3RxTzlrcGJwV0IybE9fX21McTdKcGJ3X0lsY0FEb1hyYUhHeHpNNGplNmcxRjZtakZKUHY3QjZIV01mc1JPd3c?oc=5
Google Insiders Are $9 Billion Richer After AI-Fueled Stock Rally - Forbes,2023-05-11 07:00:00,Forbes,Google Insiders Are 9 Billion Richer After AIFueled Stock RallynbspnbspForbes,https://news.google.com/rss/articles/CBMitgFBVV95cUxNNmp3R0ZwdFk3OFNKNy1oMFp4NUJCc0piSXFrTm9aVWJyQUJCeDU2aFFRakpES3NKNWJuSDdTeVBUQzR4NVNmdDk5WFFLcDFDWTJySWVaNkM1X0RESkJRYlhJTXZKaUpZLWFqY1ZKN2hQR0F5WENGUGdEdlo3SUQ1N0NlZUxrM2J2ZEE5Ri1Ya2lfQmNDRzlFaGJNejNFU0tKREdJN2FleENhYnV4UDNXWlNiamtwdw?oc=5
11 Best Insurance Brokerage Stocks To Buy Now - Yahoo Finance,2023-05-08 07:00:00,Yahoo Finance,11 Best Insurance Brokerage Stocks To Buy NownbspnbspYahoo Finance,https://news.google.com/rss/articles/CBMihwFBVV95cUxQYzg4bHdoZE9tYVc3WU11OXRsXzB2YTYyT1p3RktKaVN4Y0Z4cW02TGVnNHd1aDE3UEFxM21VLUVfdEJkSmJOMnBmTGhOZDltNWpEQlNpWlFaTkxndVJtR3N5dWZWbk9ta0Q2LWhBRG9iWHYzbnRZMm9ITUpESXJlWHR1N19PUDA?oc=5
'Recession is a done deal': A renowned market bear who called the dot-com bubble warns a deep and long downturn will destroy corporate profit margins — setting stocks up for disaster - Business Insider,2023-05-06 07:00:00,Business Insider,Recession is a done deal A renowned market bear who called the dotcom bubble warns a deep and long downturn will destroy corporate profit margins setting stocks up for disasternbspnbspBusiness Insider,https://news.google.com/rss/articles/CBMitAFBVV95cUxPTm1PdEN0U3NzM0hmdnd6Rzdyc1htd24zQ1ZQYzE3M0NNbHlpTHpmeHdtdmdSUVZQVEgxNXQ1dERUbDdNeXBNZmNzWURnY2czaEd3NjR6ZWFqOXFaendFTVNtWUp0aDdJSU80LW1WcGdNS0ZManNBQ2FaVEJTZWFTTjE0RzVZU29MWDFtWjRkckV3WnVkT05TVmpFTnpabENOcDJyMG1hN2xNeTltNmU3V0dLS2c?oc=5
10 Best Scientific Instruments Stocks To Buy - Yahoo Finance,2023-05-08 07:00:00,Yahoo Finance,10 Best Scientific Instruments Stocks To BuynbspnbspYahoo Finance,https://news.google.com/rss/articles/CBMiiwFBVV95cUxQMlR2VkRJMWUyTDloVnF2MHhyR0NVNEE4Q0Rqd0MteTlER3pBZkVkVXNkZC1RRzRaTjVrd1FHeTVnN2dBODBCd01TOGVPcWw1N19tR3hSa1FhbEs1ZldMNVcxclFEaG9scHZZVDZKam1paWNYRzZyam1UNDBxNUhROGEtekFxMGFlWXdV?oc=5
Skyworks Stock Sinks After Chipmaker Lowers Outlook For Current Quarter - Investor's Business Daily,2023-05-09 07:00:00,Investor's Business Daily,Skyworks Stock Sinks After Chipmaker Lowers Outlook For Current QuarternbspnbspInvestors Business Daily,https://news.google.com/rss/articles/CBMikwFBVV95cUxOZ1Z5UF9CQXlxWlhfRnJIejBUVmZBRE40UjBlTGVuQWpWUHN5Nmw5Y1c3MTVLWldBLW5SUjYtMEwwaGNlRF9Md2JzeTVRaVFzazJmVlJRMGhKaFg1Q3FzNmE3NUxSclZoQzl3blVjUWZrWEVoSGpPYjBJRUg1N08zeEwzd1ktbGlTQjEyVmxUZ0xCV28?oc=5
